#,"Date Time, GMT-08:00","Temp, °C (LGR S/N: 20084916, SEN S/N: 20084916)",Coupler Attached (LGR S/N: 20084916),Host Connected (LGR S/N: 20084916),Stopped (LGR S/N: 20084916),End Of File (LGR S/N: 20084916)
1,2/9/18 16:00,16.713,,,,
2,2/9/18 16:15,16.713,,,,
3,2/9/18 16:30,16.618,,,,
4,2/9/18 16:45,16.618,,,,
5,2/9/18 17:00,15.664,,,,
6,2/9/18 17:15,15.855,,,,
7,2/9/18 17:30,18.045,,,,
8,2/9/18 17:45,10.357,,,,
9,2/9/18 18:00,8.978,,,,
10,2/9/18 18:15,8.879,,,,
11,2/9/18 18:30,8.68,,,,
12,2/9/18 18:45,8.581,,,,
13,2/9/18 19:00,8.481,,,,
14,2/9/18 19:15,8.382,,,,
15,2/9/18 19:30,8.282,,,,
16,2/9/18 19:45,8.182,,,,
17,2/9/18 20:00,8.182,,,,
18,2/9/18 20:15,8.082,,,,
19,2/9/18 20:30,8.082,,,,
20,2/9/18 20:45,7.983,,,,
21,2/9/18 21:00,7.983,,,,
22,2/9/18 21:15,7.882,,,,
23,2/9/18 21:30,7.782,,,,
24,2/9/18 21:45,7.682,,,,
25,2/9/18 22:00,7.481,,,,
26,2/9/18 22:15,7.381,,,,
27,2/9/18 22:30,7.28,,,,
28,2/9/18 22:45,8.481,,,,
29,2/9/18 23:00,8.68,,,,
30,2/9/18 23:15,8.68,,,,
31,2/9/18 23:30,8.779,,,,
32,2/9/18 23:45,8.779,,,,
33,2/10/18 0:00,8.779,,,,
34,2/10/18 0:15,8.779,,,,
35,2/10/18 0:30,8.68,,,,
36,2/10/18 0:45,8.779,,,,
37,2/10/18 1:00,8.581,,,,
38,2/10/18 1:15,8.68,,,,
39,2/10/18 1:30,8.68,,,,
40,2/10/18 1:45,8.68,,,,
41,2/10/18 2:00,8.68,,,,
42,2/10/18 2:15,8.68,,,,
43,2/10/18 2:30,8.68,,,,
44,2/10/18 2:45,8.481,,,,
45,2/10/18 3:00,8.382,,,,
46,2/10/18 3:15,8.382,,,,
47,2/10/18 3:30,8.382,,,,
48,2/10/18 3:45,8.382,,,,
49,2/10/18 4:00,8.382,,,,
50,2/10/18 4:15,8.382,,,,
51,2/10/18 4:30,8.382,,,,
52,2/10/18 4:45,8.382,,,,
53,2/10/18 5:00,8.382,,,,
54,2/10/18 5:15,8.282,,,,
55,2/10/18 5:30,8.282,,,,
56,2/10/18 5:45,8.282,,,,
57,2/10/18 6:00,8.282,,,,
58,2/10/18 6:15,8.282,,,,
59,2/10/18 6:30,8.182,,,,
60,2/10/18 6:45,8.182,,,,
61,2/10/18 7:00,8.082,,,,
62,2/10/18 7:15,8.082,,,,
63,2/10/18 7:30,8.082,,,,
64,2/10/18 7:45,7.782,,,,
65,2/10/18 8:00,7.782,,,,
66,2/10/18 8:15,7.782,,,,
67,2/10/18 8:30,7.782,,,,
68,2/10/18 8:45,7.882,,,,
69,2/10/18 9:00,7.782,,,,
70,2/10/18 9:15,7.882,,,,
71,2/10/18 9:30,7.882,,,,
72,2/10/18 9:45,7.983,,,,
73,2/10/18 10:00,8.382,,,,
74,2/10/18 10:15,8.382,,,,
75,2/10/18 10:30,8.581,,,,
76,2/10/18 10:45,8.481,,,,
77,2/10/18 11:00,8.581,,,,
78,2/10/18 11:15,8.581,,,,
79,2/10/18 11:30,8.879,,,,
80,2/10/18 11:45,8.978,,,,
81,2/10/18 12:00,9.077,,,,
82,2/10/18 12:15,9.077,,,,
83,2/10/18 12:30,9.077,,,,
84,2/10/18 12:45,9.176,,,,
85,2/10/18 13:00,9.077,,,,
86,2/10/18 13:15,9.077,,,,
87,2/10/18 13:30,8.978,,,,
88,2/10/18 13:45,9.176,,,,
89,2/10/18 14:00,8.879,,,,
90,2/10/18 14:15,8.581,,,,
91,2/10/18 14:30,8.68,,,,
92,2/10/18 14:45,8.68,,,,
93,2/10/18 15:00,8.581,,,,
94,2/10/18 15:15,8.481,,,,
95,2/10/18 15:30,8.382,,,,
96,2/10/18 15:45,8.282,,,,
97,2/10/18 16:00,8.282,,,,
98,2/10/18 16:15,8.082,,,,
99,2/10/18 16:30,7.983,,,,
100,2/10/18 16:45,7.983,,,,
101,2/10/18 17:00,7.983,,,,
102,2/10/18 17:15,7.983,,,,
103,2/10/18 17:30,7.983,,,,
104,2/10/18 17:45,8.082,,,,
105,2/10/18 18:00,7.983,,,,
106,2/10/18 18:15,7.882,,,,
107,2/10/18 18:30,7.582,,,,
108,2/10/18 18:45,7.381,,,,
109,2/10/18 19:00,7.28,,,,
110,2/10/18 19:15,7.079,,,,
111,2/10/18 19:30,6.978,,,,
112,2/10/18 19:45,6.877,,,,
113,2/10/18 20:00,6.775,,,,
114,2/10/18 20:15,6.573,,,,
115,2/10/18 20:30,6.471,,,,
116,2/10/18 20:45,6.37,,,,
117,2/10/18 21:00,6.268,,,,
118,2/10/18 21:15,6.166,,,,
119,2/10/18 21:30,6.166,,,,
120,2/10/18 21:45,6.064,,,,
121,2/10/18 22:00,6.064,,,,
122,2/10/18 22:15,6.064,,,,
123,2/10/18 22:30,6.064,,,,
124,2/10/18 22:45,6.064,,,,
125,2/10/18 23:00,5.962,,,,
126,2/10/18 23:15,5.962,,,,
127,2/10/18 23:30,5.962,,,,
128,2/10/18 23:45,7.682,,,,
129,2/11/18 0:00,8.182,,,,
130,2/11/18 0:15,8.382,,,,
131,2/11/18 0:30,8.481,,,,
132,2/11/18 0:45,8.581,,,,
133,2/11/18 1:00,8.581,,,,
134,2/11/18 1:15,8.581,,,,
135,2/11/18 1:30,8.581,,,,
136,2/11/18 1:45,8.68,,,,
137,2/11/18 2:00,8.68,,,,
138,2/11/18 2:15,8.68,,,,
139,2/11/18 2:30,8.481,,,,
140,2/11/18 2:45,8.68,,,,
141,2/11/18 3:00,8.581,,,,
142,2/11/18 3:15,8.68,,,,
143,2/11/18 3:30,8.581,,,,
144,2/11/18 3:45,8.481,,,,
145,2/11/18 4:00,8.481,,,,
146,2/11/18 4:15,8.481,,,,
147,2/11/18 4:30,8.481,,,,
148,2/11/18 4:45,8.382,,,,
149,2/11/18 5:00,8.481,,,,
150,2/11/18 5:15,8.382,,,,
151,2/11/18 5:30,8.382,,,,
152,2/11/18 5:45,8.382,,,,
153,2/11/18 6:00,8.382,,,,
154,2/11/18 6:15,8.382,,,,
155,2/11/18 6:30,8.382,,,,
156,2/11/18 6:45,8.382,,,,
157,2/11/18 7:00,8.382,,,,
158,2/11/18 7:15,8.382,,,,
159,2/11/18 7:30,8.382,,,,
160,2/11/18 7:45,8.382,,,,
161,2/11/18 8:00,8.382,,,,
162,2/11/18 8:15,8.382,,,,
163,2/11/18 8:30,8.382,,,,
164,2/11/18 8:45,8.382,,,,
165,2/11/18 9:00,8.382,,,,
166,2/11/18 9:15,8.481,,,,
167,2/11/18 9:30,8.481,,,,
168,2/11/18 9:45,8.481,,,,
169,2/11/18 10:00,8.779,,,,
170,2/11/18 10:15,8.978,,,,
171,2/11/18 10:30,9.077,,,,
172,2/11/18 10:45,8.978,,,,
173,2/11/18 11:00,9.176,,,,
174,2/11/18 11:15,8.879,,,,
175,2/11/18 11:30,8.581,,,,
176,2/11/18 11:45,9.176,,,,
177,2/11/18 12:00,9.275,,,,
178,2/11/18 12:15,8.382,,,,
179,2/11/18 12:30,8.481,,,,
180,2/11/18 12:45,8.282,,,,
181,2/11/18 13:00,8.182,,,,
182,2/11/18 13:15,8.282,,,,
183,2/11/18 13:30,8.182,,,,
184,2/11/18 13:45,8.182,,,,
185,2/11/18 14:00,8.082,,,,
186,2/11/18 14:15,8.082,,,,
187,2/11/18 14:30,8.082,,,,
188,2/11/18 14:45,8.082,,,,
189,2/11/18 15:00,8.082,,,,
190,2/11/18 15:15,8.082,,,,
191,2/11/18 15:30,8.182,,,,
192,2/11/18 15:45,8.082,,,,
193,2/11/18 16:00,8.082,,,,
194,2/11/18 16:15,7.983,,,,
195,2/11/18 16:30,7.983,,,,
196,2/11/18 16:45,7.882,,,,
197,2/11/18 17:00,7.882,,,,
198,2/11/18 17:15,7.782,,,,
199,2/11/18 17:30,7.682,,,,
200,2/11/18 17:45,7.582,,,,
201,2/11/18 18:00,7.381,,,,
202,2/11/18 18:15,7.179,,,,
203,2/11/18 18:30,7.179,,,,
204,2/11/18 18:45,7.179,,,,
205,2/11/18 19:00,7.079,,,,
206,2/11/18 19:15,6.775,,,,
207,2/11/18 19:30,6.471,,,,
208,2/11/18 19:45,6.37,,,,
209,2/11/18 20:00,6.166,,,,
210,2/11/18 20:15,6.166,,,,
211,2/11/18 20:30,6.064,,,,
212,2/11/18 20:45,5.962,,,,
213,2/11/18 21:00,5.86,,,,
214,2/11/18 21:15,5.757,,,,
215,2/11/18 21:30,4.934,,,,
216,2/11/18 21:45,4.311,,,,
217,2/11/18 22:00,3.998,,,,
218,2/11/18 22:15,3.683,,,,
219,2/11/18 22:30,3.472,,,,
220,2/11/18 22:45,3.472,,,,
221,2/11/18 23:00,3.049,,,,
222,2/11/18 23:15,2.943,,,,
223,2/11/18 23:30,2.73,,,,
224,2/11/18 23:45,2.943,,,,
225,2/12/18 0:00,3.155,,,,
226,2/12/18 0:15,3.367,,,,
227,2/12/18 0:30,6.775,,,,
228,2/12/18 0:45,6.573,,,,
229,2/12/18 1:00,6.674,,,,
230,2/12/18 1:15,6.471,,,,
231,2/12/18 1:30,6.877,,,,
232,2/12/18 1:45,6.978,,,,
233,2/12/18 2:00,7.079,,,,
234,2/12/18 2:15,7.28,,,,
235,2/12/18 2:30,7.381,,,,
236,2/12/18 2:45,7.682,,,,
237,2/12/18 3:00,7.782,,,,
238,2/12/18 3:15,7.882,,,,
239,2/12/18 3:30,8.082,,,,
240,2/12/18 3:45,8.082,,,,
241,2/12/18 4:00,7.983,,,,
242,2/12/18 4:15,7.983,,,,
243,2/12/18 4:30,7.983,,,,
244,2/12/18 4:45,7.882,,,,
245,2/12/18 5:00,7.782,,,,
246,2/12/18 5:15,7.682,,,,
247,2/12/18 5:30,7.582,,,,
248,2/12/18 5:45,7.481,,,,
249,2/12/18 6:00,7.381,,,,
250,2/12/18 6:15,7.381,,,,
251,2/12/18 6:30,7.179,,,,
252,2/12/18 6:45,7.079,,,,
253,2/12/18 7:00,7.079,,,,
254,2/12/18 7:15,7.079,,,,
255,2/12/18 7:30,7.079,,,,
256,2/12/18 7:45,6.978,,,,
257,2/12/18 8:00,6.978,,,,
258,2/12/18 8:15,6.877,,,,
259,2/12/18 8:30,6.573,,,,
260,2/12/18 8:45,6.37,,,,
261,2/12/18 9:00,6.166,,,,
262,2/12/18 9:15,6.268,,,,
263,2/12/18 9:30,6.471,,,,
264,2/12/18 9:45,6.471,,,,
265,2/12/18 10:00,6.573,,,,
266,2/12/18 10:15,6.674,,,,
267,2/12/18 10:30,6.775,,,,
268,2/12/18 10:45,7.079,,,,
269,2/12/18 11:00,6.978,,,,
270,2/12/18 11:15,7.28,,,,
271,2/12/18 11:30,7.682,,,,
272,2/12/18 11:45,7.782,,,,
273,2/12/18 12:00,8.382,,,,
274,2/12/18 12:15,8.481,,,,
275,2/12/18 12:30,8.68,,,,
276,2/12/18 12:45,8.779,,,,
277,2/12/18 13:00,8.779,,,,
278,2/12/18 13:15,8.879,,,,
279,2/12/18 13:30,8.779,,,,
280,2/12/18 13:45,8.879,,,,
281,2/12/18 14:00,8.68,,,,
282,2/12/18 14:15,8.382,,,,
283,2/12/18 14:30,8.282,,,,
284,2/12/18 14:45,8.182,,,,
285,2/12/18 15:00,8.182,,,,
286,2/12/18 15:15,8.182,,,,
287,2/12/18 15:30,8.182,,,,
288,2/12/18 15:45,8.082,,,,
289,2/12/18 16:00,8.082,,,,
290,2/12/18 16:15,8.082,,,,
291,2/12/18 16:30,7.983,,,,
292,2/12/18 16:45,7.882,,,,
293,2/12/18 17:00,7.582,,,,
294,2/12/18 17:15,7.481,,,,
295,2/12/18 17:30,7.079,,,,
296,2/12/18 17:45,6.978,,,,
297,2/12/18 18:00,6.877,,,,
298,2/12/18 18:15,6.674,,,,
299,2/12/18 18:30,6.573,,,,
300,2/12/18 18:45,6.471,,,,
301,2/12/18 19:00,6.471,,,,
302,2/12/18 19:15,6.471,,,,
303,2/12/18 19:30,6.471,,,,
304,2/12/18 19:45,6.268,,,,
305,2/12/18 20:00,6.064,,,,
306,2/12/18 20:15,6.064,,,,
307,2/12/18 20:30,5.962,,,,
308,2/12/18 20:45,5.86,,,,
309,2/12/18 21:00,5.655,,,,
310,2/12/18 21:15,5.552,,,,
311,2/12/18 21:30,5.45,,,,
312,2/12/18 21:45,5.347,,,,
313,2/12/18 22:00,5.244,,,,
314,2/12/18 22:15,5.141,,,,
315,2/12/18 22:30,5.037,,,,
316,2/12/18 22:45,4.934,,,,
317,2/12/18 23:00,4.831,,,,
318,2/12/18 23:15,4.727,,,,
319,2/12/18 23:30,4.623,,,,
320,2/12/18 23:45,4.519,,,,
321,2/13/18 0:00,4.415,,,,
322,2/13/18 0:15,4.415,,,,
323,2/13/18 0:30,4.415,,,,
324,2/13/18 0:45,4.311,,,,
325,2/13/18 1:00,4.102,,,,
326,2/13/18 1:15,4.102,,,,
327,2/13/18 1:30,7.079,,,,
328,2/13/18 1:45,7.381,,,,
329,2/13/18 2:00,7.481,,,,
330,2/13/18 2:15,7.582,,,,
331,2/13/18 2:30,7.582,,,,
332,2/13/18 2:45,7.582,,,,
333,2/13/18 3:00,7.582,,,,
334,2/13/18 3:15,7.782,,,,
335,2/13/18 3:30,7.782,,,,
336,2/13/18 3:45,7.782,,,,
337,2/13/18 4:00,7.682,,,,
338,2/13/18 4:15,7.782,,,,
339,2/13/18 4:30,7.782,,,,
340,2/13/18 4:45,7.481,,,,
341,2/13/18 5:00,7.682,,,,
342,2/13/18 5:15,7.682,,,,
343,2/13/18 5:30,7.582,,,,
344,2/13/18 5:45,7.582,,,,
345,2/13/18 6:00,7.28,,,,
346,2/13/18 6:15,7.28,,,,
347,2/13/18 6:30,7.381,,,,
348,2/13/18 6:45,7.481,,,,
349,2/13/18 7:00,7.381,,,,
350,2/13/18 7:15,7.381,,,,
351,2/13/18 7:30,7.28,,,,
352,2/13/18 7:45,7.28,,,,
353,2/13/18 8:00,7.179,,,,
354,2/13/18 8:15,7.28,,,,
355,2/13/18 8:30,7.28,,,,
356,2/13/18 8:45,7.381,,,,
357,2/13/18 9:00,7.381,,,,
358,2/13/18 9:15,7.582,,,,
359,2/13/18 9:30,7.582,,,,
360,2/13/18 9:45,7.481,,,,
361,2/13/18 10:00,7.782,,,,
362,2/13/18 10:15,7.882,,,,
363,2/13/18 10:30,8.082,,,,
364,2/13/18 10:45,8.182,,,,
365,2/13/18 11:00,8.382,,,,
366,2/13/18 11:15,7.682,,,,
367,2/13/18 11:30,7.882,,,,
368,2/13/18 11:45,7.882,,,,
369,2/13/18 12:00,7.882,,,,
370,2/13/18 12:15,8.68,,,,
371,2/13/18 12:30,8.978,,,,
372,2/13/18 12:45,8.481,,,,
373,2/13/18 13:00,8.581,,,,
374,2/13/18 13:15,8.779,,,,
375,2/13/18 13:30,8.779,,,,
376,2/13/18 13:45,9.077,,,,
377,2/13/18 14:00,8.282,,,,
378,2/13/18 14:15,8.182,,,,
379,2/13/18 14:30,8.182,,,,
380,2/13/18 14:45,8.082,,,,
381,2/13/18 15:00,8.082,,,,
382,2/13/18 15:15,8.182,,,,
383,2/13/18 15:30,8.182,,,,
384,2/13/18 15:45,8.182,,,,
385,2/13/18 16:00,8.182,,,,
386,2/13/18 16:15,8.182,,,,
387,2/13/18 16:30,8.182,,,,
388,2/13/18 16:45,8.082,,,,
389,2/13/18 17:00,8.082,,,,
390,2/13/18 17:15,8.082,,,,
391,2/13/18 17:30,7.983,,,,
392,2/13/18 17:45,7.983,,,,
393,2/13/18 18:00,7.882,,,,
394,2/13/18 18:15,7.983,,,,
395,2/13/18 18:30,7.882,,,,
396,2/13/18 18:45,7.682,,,,
397,2/13/18 19:00,7.582,,,,
398,2/13/18 19:15,7.582,,,,
399,2/13/18 19:30,7.582,,,,
400,2/13/18 19:45,7.582,,,,
401,2/13/18 20:00,7.481,,,,
402,2/13/18 20:15,7.381,,,,
403,2/13/18 20:30,7.381,,,,
404,2/13/18 20:45,7.28,,,,
405,2/13/18 21:00,7.28,,,,
406,2/13/18 21:15,7.28,,,,
407,2/13/18 21:30,7.179,,,,
408,2/13/18 21:45,7.079,,,,
409,2/13/18 22:00,7.079,,,,
410,2/13/18 22:15,6.978,,,,
411,2/13/18 22:30,6.877,,,,
412,2/13/18 22:45,6.775,,,,
413,2/13/18 23:00,6.674,,,,
414,2/13/18 23:15,6.674,,,,
415,2/13/18 23:30,6.573,,,,
416,2/13/18 23:45,6.471,,,,
417,2/14/18 0:00,6.268,,,,
418,2/14/18 0:15,6.166,,,,
419,2/14/18 0:30,6.166,,,,
420,2/14/18 0:45,6.064,,,,
421,2/14/18 1:00,5.86,,,,
422,2/14/18 1:15,5.655,,,,
423,2/14/18 1:30,5.552,,,,
424,2/14/18 1:45,5.552,,,,
425,2/14/18 2:00,7.481,,,,
426,2/14/18 2:15,7.882,,,,
427,2/14/18 2:30,7.983,,,,
428,2/14/18 2:45,7.983,,,,
429,2/14/18 3:00,8.082,,,,
430,2/14/18 3:15,8.082,,,,
431,2/14/18 3:30,8.082,,,,
432,2/14/18 3:45,7.983,,,,
433,2/14/18 4:00,8.082,,,,
434,2/14/18 4:15,7.983,,,,
435,2/14/18 4:30,7.983,,,,
436,2/14/18 4:45,8.082,,,,
437,2/14/18 5:00,8.082,,,,
438,2/14/18 5:15,7.983,,,,
439,2/14/18 5:30,7.983,,,,
440,2/14/18 5:45,7.983,,,,
441,2/14/18 6:00,7.983,,,,
442,2/14/18 6:15,7.983,,,,
443,2/14/18 6:30,7.983,,,,
444,2/14/18 6:45,7.882,,,,
445,2/14/18 7:00,7.882,,,,
446,2/14/18 7:15,7.882,,,,
447,2/14/18 7:30,7.882,,,,
448,2/14/18 7:45,7.882,,,,
449,2/14/18 8:00,7.882,,,,
450,2/14/18 8:15,7.882,,,,
451,2/14/18 8:30,7.882,,,,
452,2/14/18 8:45,7.983,,,,
453,2/14/18 9:00,7.983,,,,
454,2/14/18 9:15,7.983,,,,
455,2/14/18 9:30,7.983,,,,
456,2/14/18 9:45,8.182,,,,
457,2/14/18 10:00,8.082,,,,
458,2/14/18 10:15,8.182,,,,
459,2/14/18 10:30,8.182,,,,
460,2/14/18 10:45,8.282,,,,
461,2/14/18 11:00,8.382,,,,
462,2/14/18 11:15,8.481,,,,
463,2/14/18 11:30,8.481,,,,
464,2/14/18 11:45,8.581,,,,
465,2/14/18 12:00,8.581,,,,
466,2/14/18 12:15,8.779,,,,
467,2/14/18 12:30,8.978,,,,
468,2/14/18 12:45,8.382,,,,
469,2/14/18 13:00,8.282,,,,
470,2/14/18 13:15,8.581,,,,
471,2/14/18 13:30,8.978,,,,
472,2/14/18 13:45,8.68,,,,
473,2/14/18 14:00,8.581,,,,
474,2/14/18 14:15,8.481,,,,
475,2/14/18 14:30,8.481,,,,
476,2/14/18 14:45,8.481,,,,
477,2/14/18 15:00,8.581,,,,
478,2/14/18 15:15,8.481,,,,
479,2/14/18 15:30,8.581,,,,
480,2/14/18 15:45,8.481,,,,
481,2/14/18 16:00,8.481,,,,
482,2/14/18 16:15,8.382,,,,
483,2/14/18 16:30,8.382,,,,
484,2/14/18 16:45,8.382,,,,
485,2/14/18 17:00,8.382,,,,
486,2/14/18 17:15,8.382,,,,
487,2/14/18 17:30,8.382,,,,
488,2/14/18 17:45,8.382,,,,
489,2/14/18 18:00,8.282,,,,
490,2/14/18 18:15,8.282,,,,
491,2/14/18 18:30,8.282,,,,
492,2/14/18 18:45,8.282,,,,
493,2/14/18 19:00,8.282,,,,
494,2/14/18 19:15,8.182,,,,
495,2/14/18 19:30,8.182,,,,
496,2/14/18 19:45,8.182,,,,
497,2/14/18 20:00,8.182,,,,
498,2/14/18 20:15,8.182,,,,
499,2/14/18 20:30,8.182,,,,
500,2/14/18 20:45,8.182,,,,
501,2/14/18 21:00,8.082,,,,
502,2/14/18 21:15,7.983,,,,
503,2/14/18 21:30,7.882,,,,
504,2/14/18 21:45,7.782,,,,
505,2/14/18 22:00,7.782,,,,
506,2/14/18 22:15,7.582,,,,
507,2/14/18 22:30,7.481,,,,
508,2/14/18 22:45,7.381,,,,
509,2/14/18 23:00,7.381,,,,
510,2/14/18 23:15,7.28,,,,
511,2/14/18 23:30,7.179,,,,
512,2/14/18 23:45,7.079,,,,
513,2/15/18 0:00,7.079,,,,
514,2/15/18 0:15,6.978,,,,
515,2/15/18 0:30,6.877,,,,
516,2/15/18 0:45,6.775,,,,
517,2/15/18 1:00,6.674,,,,
518,2/15/18 1:15,6.37,,,,
519,2/15/18 1:30,6.268,,,,
520,2/15/18 1:45,6.064,,,,
521,2/15/18 2:00,5.86,,,,
522,2/15/18 2:15,5.757,,,,
523,2/15/18 2:30,5.655,,,,
524,2/15/18 2:45,7.882,,,,
525,2/15/18 3:00,7.983,,,,
526,2/15/18 3:15,8.082,,,,
527,2/15/18 3:30,8.182,,,,
528,2/15/18 3:45,8.182,,,,
529,2/15/18 4:00,8.182,,,,
530,2/15/18 4:15,8.082,,,,
531,2/15/18 4:30,8.182,,,,
532,2/15/18 4:45,8.182,,,,
533,2/15/18 5:00,8.182,,,,
534,2/15/18 5:15,8.182,,,,
535,2/15/18 5:30,8.182,,,,
536,2/15/18 5:45,8.082,,,,
537,2/15/18 6:00,8.082,,,,
538,2/15/18 6:15,8.082,,,,
539,2/15/18 6:30,8.082,,,,
540,2/15/18 6:45,7.983,,,,
541,2/15/18 7:00,8.082,,,,
542,2/15/18 7:15,8.082,,,,
543,2/15/18 7:30,8.082,,,,
544,2/15/18 7:45,8.082,,,,
545,2/15/18 8:00,8.082,,,,
546,2/15/18 8:15,8.082,,,,
547,2/15/18 8:30,8.182,,,,
548,2/15/18 8:45,8.082,,,,
549,2/15/18 9:00,8.182,,,,
550,2/15/18 9:15,8.282,,,,
551,2/15/18 9:30,8.282,,,,
552,2/15/18 9:45,8.382,,,,
553,2/15/18 10:00,8.282,,,,
554,2/15/18 10:15,8.382,,,,
555,2/15/18 10:30,8.282,,,,
556,2/15/18 10:45,8.382,,,,
557,2/15/18 11:00,8.382,,,,
558,2/15/18 11:15,8.382,,,,
559,2/15/18 11:30,8.581,,,,
560,2/15/18 11:45,8.382,,,,
561,2/15/18 12:00,9.176,,,,
562,2/15/18 12:15,9.077,,,,
563,2/15/18 12:30,8.879,,,,
564,2/15/18 12:45,8.68,,,,
565,2/15/18 13:00,8.581,,,,
566,2/15/18 13:15,8.581,,,,
567,2/15/18 13:30,8.68,,,,
568,2/15/18 13:45,8.779,,,,
569,2/15/18 14:00,8.581,,,,
570,2/15/18 14:15,8.481,,,,
571,2/15/18 14:30,8.382,,,,
572,2/15/18 14:45,8.382,,,,
573,2/15/18 15:00,8.382,,,,
574,2/15/18 15:15,8.282,,,,
575,2/15/18 15:30,8.382,,,,
576,2/15/18 15:45,8.282,,,,
577,2/15/18 16:00,8.282,,,,
578,2/15/18 16:15,8.282,,,,
579,2/15/18 16:30,8.282,,,,
580,2/15/18 16:45,8.182,,,,
581,2/15/18 17:00,8.182,,,,
582,2/15/18 17:15,8.182,,,,
583,2/15/18 17:30,8.282,,,,
584,2/15/18 17:45,8.282,,,,
585,2/15/18 18:00,8.282,,,,
586,2/15/18 18:15,8.282,,,,
587,2/15/18 18:30,8.282,,,,
588,2/15/18 18:45,8.282,,,,
589,2/15/18 19:00,8.282,,,,
590,2/15/18 19:15,8.282,,,,
591,2/15/18 19:30,8.282,,,,
592,2/15/18 19:45,8.282,,,,
593,2/15/18 20:00,8.282,,,,
594,2/15/18 20:15,8.282,,,,
595,2/15/18 20:30,8.282,,,,
596,2/15/18 20:45,8.282,,,,
597,2/15/18 21:00,8.282,,,,
598,2/15/18 21:15,8.182,,,,
599,2/15/18 21:30,8.082,,,,
600,2/15/18 21:45,7.983,,,,
601,2/15/18 22:00,7.882,,,,
602,2/15/18 22:15,7.782,,,,
603,2/15/18 22:30,7.682,,,,
604,2/15/18 22:45,7.582,,,,
605,2/15/18 23:00,7.481,,,,
606,2/15/18 23:15,7.28,,,,
607,2/15/18 23:30,7.179,,,,
608,2/15/18 23:45,7.079,,,,
609,2/16/18 0:00,6.978,,,,
610,2/16/18 0:15,6.978,,,,
611,2/16/18 0:30,6.978,,,,
612,2/16/18 0:45,6.877,,,,
613,2/16/18 1:00,6.877,,,,
614,2/16/18 1:15,6.775,,,,
615,2/16/18 1:30,6.775,,,,
616,2/16/18 1:45,6.877,,,,
617,2/16/18 2:00,6.877,,,,
618,2/16/18 2:15,6.877,,,,
619,2/16/18 2:30,6.877,,,,
620,2/16/18 2:45,6.775,,,,
621,2/16/18 3:00,6.775,,,,
622,2/16/18 3:15,7.983,,,,
623,2/16/18 3:30,8.082,,,,
624,2/16/18 3:45,8.082,,,,
625,2/16/18 4:00,8.182,,,,
626,2/16/18 4:15,8.182,,,,
627,2/16/18 4:30,8.182,,,,
628,2/16/18 4:45,8.182,,,,
629,2/16/18 5:00,8.182,,,,
630,2/16/18 5:15,8.182,,,,
631,2/16/18 5:30,8.182,,,,
632,2/16/18 5:45,8.182,,,,
633,2/16/18 6:00,8.182,,,,
634,2/16/18 6:15,8.182,,,,
635,2/16/18 6:30,8.182,,,,
636,2/16/18 6:45,8.082,,,,
637,2/16/18 7:00,8.082,,,,
638,2/16/18 7:15,8.082,,,,
639,2/16/18 7:30,8.082,,,,
640,2/16/18 7:45,8.082,,,,
641,2/16/18 8:00,8.082,,,,
642,2/16/18 8:15,8.082,,,,
643,2/16/18 8:30,8.082,,,,
644,2/16/18 8:45,8.182,,,,
645,2/16/18 9:00,8.182,,,,
646,2/16/18 9:15,8.182,,,,
647,2/16/18 9:30,8.182,,,,
648,2/16/18 9:45,8.182,,,,
649,2/16/18 10:00,8.182,,,,
650,2/16/18 10:15,8.282,,,,
651,2/16/18 10:30,8.182,,,,
652,2/16/18 10:45,8.282,,,,
653,2/16/18 11:00,8.382,,,,
654,2/16/18 11:15,8.68,,,,
655,2/16/18 11:30,9.275,,,,
656,2/16/18 11:45,9.373,,,,
657,2/16/18 12:00,9.965,,,,
658,2/16/18 12:15,9.866,,,,
659,2/16/18 12:30,10.259,,,,
660,2/16/18 12:45,9.275,,,,
661,2/16/18 13:00,9.275,,,,
662,2/16/18 13:15,8.879,,,,
663,2/16/18 13:30,8.779,,,,
664,2/16/18 13:45,8.68,,,,
665,2/16/18 14:00,8.581,,,,
666,2/16/18 14:15,8.481,,,,
667,2/16/18 14:30,8.382,,,,
668,2/16/18 14:45,8.382,,,,
669,2/16/18 15:00,8.481,,,,
670,2/16/18 15:15,8.382,,,,
671,2/16/18 15:30,8.382,,,,
672,2/16/18 15:45,8.382,,,,
673,2/16/18 16:00,8.382,,,,
674,2/16/18 16:15,8.382,,,,
675,2/16/18 16:30,8.382,,,,
676,2/16/18 16:45,8.382,,,,
677,2/16/18 17:00,8.382,,,,
678,2/16/18 17:15,8.282,,,,
679,2/16/18 17:30,8.282,,,,
680,2/16/18 17:45,8.282,,,,
681,2/16/18 18:00,8.382,,,,
682,2/16/18 18:15,8.382,,,,
683,2/16/18 18:30,8.382,,,,
684,2/16/18 18:45,8.382,,,,
685,2/16/18 19:00,8.382,,,,
686,2/16/18 19:15,8.382,,,,
687,2/16/18 19:30,8.382,,,,
688,2/16/18 19:45,8.382,,,,
689,2/16/18 20:00,8.382,,,,
690,2/16/18 20:15,8.382,,,,
691,2/16/18 20:30,8.481,,,,
692,2/16/18 20:45,8.481,,,,
693,2/16/18 21:00,8.481,,,,
694,2/16/18 21:15,8.581,,,,
695,2/16/18 21:30,8.68,,,,
696,2/16/18 21:45,8.779,,,,
697,2/16/18 22:00,8.779,,,,
698,2/16/18 22:15,8.779,,,,
699,2/16/18 22:30,8.68,,,,
700,2/16/18 22:45,8.581,,,,
701,2/16/18 23:00,8.581,,,,
702,2/16/18 23:15,8.481,,,,
703,2/16/18 23:30,8.481,,,,
704,2/16/18 23:45,8.382,,,,
705,2/17/18 0:00,8.382,,,,
706,2/17/18 0:15,8.282,,,,
707,2/17/18 0:30,8.282,,,,
708,2/17/18 0:45,8.282,,,,
709,2/17/18 1:00,8.282,,,,
710,2/17/18 1:15,8.182,,,,
711,2/17/18 1:30,8.182,,,,
712,2/17/18 1:45,8.182,,,,
713,2/17/18 2:00,8.082,,,,
714,2/17/18 2:15,7.983,,,,
715,2/17/18 2:30,7.882,,,,
716,2/17/18 2:45,7.882,,,,
717,2/17/18 3:00,7.882,,,,
718,2/17/18 3:15,7.882,,,,
719,2/17/18 3:30,8.282,,,,
720,2/17/18 3:45,8.282,,,,
721,2/17/18 4:00,8.182,,,,
722,2/17/18 4:15,8.182,,,,
723,2/17/18 4:30,8.182,,,,
724,2/17/18 4:45,8.182,,,,
725,2/17/18 5:00,8.182,,,,
726,2/17/18 5:15,8.182,,,,
727,2/17/18 5:30,8.182,,,,
728,2/17/18 5:45,8.182,,,,
729,2/17/18 6:00,8.182,,,,
730,2/17/18 6:15,8.182,,,,
731,2/17/18 6:30,8.182,,,,
732,2/17/18 6:45,8.082,,,,
733,2/17/18 7:00,8.182,,,,
734,2/17/18 7:15,8.182,,,,
735,2/17/18 7:30,8.182,,,,
736,2/17/18 7:45,8.082,,,,
737,2/17/18 8:00,8.182,,,,
738,2/17/18 8:15,8.182,,,,
739,2/17/18 8:30,8.182,,,,
740,2/17/18 8:45,8.182,,,,
741,2/17/18 9:00,8.182,,,,
742,2/17/18 9:15,8.082,,,,
743,2/17/18 9:30,8.182,,,,
744,2/17/18 9:45,8.382,,,,
745,2/17/18 10:00,8.481,,,,
746,2/17/18 10:15,8.481,,,,
747,2/17/18 10:30,8.779,,,,
748,2/17/18 10:45,8.68,,,,
749,2/17/18 11:00,8.68,,,,
750,2/17/18 11:15,9.275,,,,
751,2/17/18 11:30,9.571,,,,
752,2/17/18 11:45,9.866,,,,
753,2/17/18 12:00,10.161,,,,
754,2/17/18 12:15,10.455,,,,
755,2/17/18 12:30,10.553,,,,
756,2/17/18 12:45,10.846,,,,
757,2/17/18 13:00,10.944,,,,
758,2/17/18 13:15,10.846,,,,
759,2/17/18 13:30,10.553,,,,
760,2/17/18 13:45,10.357,,,,
761,2/17/18 14:00,9.965,,,,
762,2/17/18 14:15,8.879,,,,
763,2/17/18 14:30,8.779,,,,
764,2/17/18 14:45,8.779,,,,
765,2/17/18 15:00,8.779,,,,
766,2/17/18 15:15,8.779,,,,
767,2/17/18 15:30,8.779,,,,
768,2/17/18 15:45,8.68,,,,
769,2/17/18 16:00,8.68,,,,
770,2/17/18 16:15,8.581,,,,
771,2/17/18 16:30,8.68,,,,
772,2/17/18 16:45,8.68,,,,
773,2/17/18 17:00,8.68,,,,
774,2/17/18 17:15,8.68,,,,
775,2/17/18 17:30,8.581,,,,
776,2/17/18 17:45,8.581,,,,
777,2/17/18 18:00,8.581,,,,
778,2/17/18 18:15,8.581,,,,
779,2/17/18 18:30,8.581,,,,
780,2/17/18 18:45,8.481,,,,
781,2/17/18 19:00,8.481,,,,
782,2/17/18 19:15,8.581,,,,
783,2/17/18 19:30,8.481,,,,
784,2/17/18 19:45,8.481,,,,
785,2/17/18 20:00,8.481,,,,
786,2/17/18 20:15,8.581,,,,
787,2/17/18 20:30,8.581,,,,
788,2/17/18 20:45,8.581,,,,
789,2/17/18 21:00,8.581,,,,
790,2/17/18 21:15,8.581,,,,
791,2/17/18 21:30,8.481,,,,
792,2/17/18 21:45,8.481,,,,
793,2/17/18 22:00,8.581,,,,
794,2/17/18 22:15,8.581,,,,
795,2/17/18 22:30,8.481,,,,
796,2/17/18 22:45,8.481,,,,
797,2/17/18 23:00,8.382,,,,
798,2/17/18 23:15,8.082,,,,
799,2/17/18 23:30,7.582,,,,
800,2/17/18 23:45,7.179,,,,
801,2/18/18 0:00,6.877,,,,
802,2/18/18 0:15,6.573,,,,
803,2/18/18 0:30,6.37,,,,
804,2/18/18 0:45,6.166,,,,
805,2/18/18 1:00,5.962,,,,
806,2/18/18 1:15,5.757,,,,
807,2/18/18 1:30,5.552,,,,
808,2/18/18 1:45,5.45,,,,
809,2/18/18 2:00,5.141,,,,
810,2/18/18 2:15,5.141,,,,
811,2/18/18 2:30,4.934,,,,
812,2/18/18 2:45,4.727,,,,
813,2/18/18 3:00,4.519,,,,
814,2/18/18 3:15,4.519,,,,
815,2/18/18 3:30,6.775,,,,
816,2/18/18 3:45,7.481,,,,
817,2/18/18 4:00,7.882,,,,
818,2/18/18 4:15,7.983,,,,
819,2/18/18 4:30,7.983,,,,
820,2/18/18 4:45,8.082,,,,
821,2/18/18 5:00,8.082,,,,
822,2/18/18 5:15,8.082,,,,
823,2/18/18 5:30,8.082,,,,
824,2/18/18 5:45,8.082,,,,
825,2/18/18 6:00,7.983,,,,
826,2/18/18 6:15,8.082,,,,
827,2/18/18 6:30,7.983,,,,
828,2/18/18 6:45,7.983,,,,
829,2/18/18 7:00,7.983,,,,
830,2/18/18 7:15,7.983,,,,
831,2/18/18 7:30,7.983,,,,
832,2/18/18 7:45,7.983,,,,
833,2/18/18 8:00,7.983,,,,
834,2/18/18 8:15,7.882,,,,
835,2/18/18 8:30,7.983,,,,
836,2/18/18 8:45,7.983,,,,
837,2/18/18 9:00,7.983,,,,
838,2/18/18 9:15,7.983,,,,
839,2/18/18 9:30,7.983,,,,
840,2/18/18 9:45,7.983,,,,
841,2/18/18 10:00,7.983,,,,
842,2/18/18 10:15,7.983,,,,
843,2/18/18 10:30,8.082,,,,
844,2/18/18 10:45,8.182,,,,
845,2/18/18 11:00,8.282,,,,
846,2/18/18 11:15,8.182,,,,
847,2/18/18 11:30,7.983,,,,
848,2/18/18 11:45,7.983,,,,
849,2/18/18 12:00,7.983,,,,
850,2/18/18 12:15,7.682,,,,
851,2/18/18 12:30,7.782,,,,
852,2/18/18 12:45,7.682,,,,
853,2/18/18 13:00,7.882,,,,
854,2/18/18 13:15,8.082,,,,
855,2/18/18 13:30,8.382,,,,
856,2/18/18 13:45,8.082,,,,
857,2/18/18 14:00,8.68,,,,
858,2/18/18 14:15,6.775,,,,
859,2/18/18 14:30,7.079,,,,
860,2/18/18 14:45,7.682,,,,
861,2/18/18 15:00,7.481,,,,
862,2/18/18 15:15,7.582,,,,
863,2/18/18 15:30,7.582,,,,
864,2/18/18 15:45,7.481,,,,
865,2/18/18 16:00,7.28,,,,
866,2/18/18 16:15,6.877,,,,
867,2/18/18 16:30,7.079,,,,
868,2/18/18 16:45,6.978,,,,
869,2/18/18 17:00,6.877,,,,
870,2/18/18 17:15,6.877,,,,
871,2/18/18 17:30,7.079,,,,
872,2/18/18 17:45,7.079,,,,
873,2/18/18 18:00,6.978,,,,
874,2/18/18 18:15,7.079,,,,
875,2/18/18 18:30,6.978,,,,
876,2/18/18 18:45,6.978,,,,
877,2/18/18 19:00,6.775,,,,
878,2/18/18 19:15,6.775,,,,
879,2/18/18 19:30,6.877,,,,
880,2/18/18 19:45,6.573,,,,
881,2/18/18 20:00,6.471,,,,
882,2/18/18 20:15,6.37,,,,
883,2/18/18 20:30,6.37,,,,
884,2/18/18 20:45,6.268,,,,
885,2/18/18 21:00,5.962,,,,
886,2/18/18 21:15,5.86,,,,
887,2/18/18 21:30,5.86,,,,
888,2/18/18 21:45,5.962,,,,
889,2/18/18 22:00,5.86,,,,
890,2/18/18 22:15,5.552,,,,
891,2/18/18 22:30,4.727,,,,
892,2/18/18 22:45,4.623,,,,
893,2/18/18 23:00,4.519,,,,
894,2/18/18 23:15,4.727,,,,
895,2/18/18 23:30,4.831,,,,
896,2/18/18 23:45,4.519,,,,
897,2/19/18 0:00,3.788,,,,
898,2/19/18 0:15,2.943,,,,
899,2/19/18 0:30,2.303,,,,
900,2/19/18 0:45,1.872,,,,
901,2/19/18 1:00,1.439,,,,
902,2/19/18 1:15,1.112,,,,
903,2/19/18 1:30,0.784,,,,
904,2/19/18 1:45,0.453,,,,
905,2/19/18 2:00,0.232,,,,
906,2/19/18 2:15,0.121,,,,
907,2/19/18 2:30,0.01,,,,
908,2/19/18 2:45,-0.102,,,,
909,2/19/18 3:00,-0.213,,,,
910,2/19/18 3:15,-0.102,,,,
911,2/19/18 3:30,0.121,,,,
912,2/19/18 3:45,0.343,,,,
913,2/19/18 4:00,4.102,,,,
914,2/19/18 4:15,5.347,,,,
915,2/19/18 4:30,4.934,,,,
916,2/19/18 4:45,5.552,,,,
917,2/19/18 5:00,5.552,,,,
918,2/19/18 5:15,5.86,,,,
919,2/19/18 5:30,6.166,,,,
920,2/19/18 5:45,6.471,,,,
921,2/19/18 6:00,6.573,,,,
922,2/19/18 6:15,6.674,,,,
923,2/19/18 6:30,6.674,,,,
924,2/19/18 6:45,6.674,,,,
925,2/19/18 7:00,6.674,,,,
926,2/19/18 7:15,6.471,,,,
927,2/19/18 7:30,6.674,,,,
928,2/19/18 7:45,6.37,,,,
929,2/19/18 8:00,6.268,,,,
930,2/19/18 8:15,6.268,,,,
931,2/19/18 8:30,5.962,,,,
932,2/19/18 8:45,6.064,,,,
933,2/19/18 9:00,5.757,,,,
934,2/19/18 9:15,5.552,,,,
935,2/19/18 9:30,5.552,,,,
936,2/19/18 9:45,5.757,,,,
937,2/19/18 10:00,5.86,,,,
938,2/19/18 10:15,6.166,,,,
939,2/19/18 10:30,6.166,,,,
940,2/19/18 10:45,5.962,,,,
941,2/19/18 11:00,5.86,,,,
942,2/19/18 11:15,5.962,,,,
943,2/19/18 11:30,6.268,,,,
944,2/19/18 11:45,5.962,,,,
945,2/19/18 12:00,5.347,,,,
946,2/19/18 12:15,5.347,,,,
947,2/19/18 12:30,5.141,,,,
948,2/19/18 12:45,5.244,,,,
949,2/19/18 13:00,5.45,,,,
950,2/19/18 13:15,6.674,,,,
951,2/19/18 13:30,7.882,,,,
952,2/19/18 13:45,9.077,,,,
953,2/19/18 14:00,9.472,,,,
954,2/19/18 14:15,6.674,,,,
955,2/19/18 14:30,5.552,,,,
956,2/19/18 14:45,4.623,,,,
957,2/19/18 15:00,4.207,,,,
958,2/19/18 15:15,3.788,,,,
959,2/19/18 15:30,3.788,,,,
960,2/19/18 15:45,6.37,,,,
961,2/19/18 16:00,6.674,,,,
962,2/19/18 16:15,6.978,,,,
963,2/19/18 16:30,6.978,,,,
964,2/19/18 16:45,6.877,,,,
965,2/19/18 17:00,6.877,,,,
966,2/19/18 17:15,6.978,,,,
967,2/19/18 17:30,7.079,,,,
968,2/19/18 17:45,7.179,,,,
969,2/19/18 18:00,7.179,,,,
970,2/19/18 18:15,7.179,,,,
971,2/19/18 18:30,7.179,,,,
972,2/19/18 18:45,7.28,,,,
973,2/19/18 19:00,7.28,,,,
974,2/19/18 19:15,7.079,,,,
975,2/19/18 19:30,7.28,,,,
976,2/19/18 19:45,7.28,,,,
977,2/19/18 20:00,7.179,,,,
978,2/19/18 20:15,6.978,,,,
979,2/19/18 20:30,6.877,,,,
980,2/19/18 20:45,6.978,,,,
981,2/19/18 21:00,6.877,,,,
982,2/19/18 21:15,6.877,,,,
983,2/19/18 21:30,6.775,,,,
984,2/19/18 21:45,6.775,,,,
985,2/19/18 22:00,6.775,,,,
986,2/19/18 22:15,6.775,,,,
987,2/19/18 22:30,6.674,,,,
988,2/19/18 22:45,6.573,,,,
989,2/19/18 23:00,6.166,,,,
990,2/19/18 23:15,6.268,,,,
991,2/19/18 23:30,6.166,,,,
992,2/19/18 23:45,6.064,,,,
993,2/20/18 0:00,6.064,,,,
994,2/20/18 0:15,5.962,,,,
995,2/20/18 0:30,5.86,,,,
996,2/20/18 0:45,5.552,,,,
997,2/20/18 1:00,5.347,,,,
998,2/20/18 1:15,5.244,,,,
999,2/20/18 1:30,5.141,,,,
1000,2/20/18 1:45,4.934,,,,
1001,2/20/18 2:00,4.831,,,,
1002,2/20/18 2:15,4.623,,,,
1003,2/20/18 2:30,4.415,,,,
1004,2/20/18 2:45,4.415,,,,
1005,2/20/18 3:00,4.415,,,,
1006,2/20/18 3:15,4.207,,,,
1007,2/20/18 3:30,4.102,,,,
1008,2/20/18 3:45,3.998,,,,
1009,2/20/18 4:00,3.893,,,,
1010,2/20/18 4:15,4.727,,,,
1011,2/20/18 4:30,6.166,,,,
1012,2/20/18 4:45,6.471,,,,
1013,2/20/18 5:00,6.471,,,,
1014,2/20/18 5:15,6.573,,,,
1015,2/20/18 5:30,6.877,,,,
1016,2/20/18 5:45,6.877,,,,
1017,2/20/18 6:00,6.978,,,,
1018,2/20/18 6:15,6.978,,,,
1019,2/20/18 6:30,6.877,,,,
1020,2/20/18 6:45,6.978,,,,
1021,2/20/18 7:00,6.775,,,,
1022,2/20/18 7:15,6.877,,,,
1023,2/20/18 7:30,6.775,,,,
1024,2/20/18 7:45,6.775,,,,
1025,2/20/18 8:00,6.775,,,,
1026,2/20/18 8:15,6.775,,,,
1027,2/20/18 8:30,6.674,,,,
1028,2/20/18 8:45,6.775,,,,
1029,2/20/18 9:00,6.775,,,,
1030,2/20/18 9:15,6.775,,,,
1031,2/20/18 9:30,6.775,,,,
1032,2/20/18 9:45,6.775,,,,
1033,2/20/18 10:00,6.674,,,,
1034,2/20/18 10:15,6.674,,,,
1035,2/20/18 10:30,6.775,,,,
1036,2/20/18 10:45,6.877,,,,
1037,2/20/18 11:00,6.877,,,,
1038,2/20/18 11:15,6.775,,,,
1039,2/20/18 11:30,6.775,,,,
1040,2/20/18 11:45,6.674,,,,
1041,2/20/18 12:00,6.674,,,,
1042,2/20/18 12:15,6.471,,,,
1043,2/20/18 12:30,6.37,,,,
1044,2/20/18 12:45,6.471,,,,
1045,2/20/18 13:00,6.573,,,,
1046,2/20/18 13:15,6.573,,,,
1047,2/20/18 13:30,6.775,,,,
1048,2/20/18 13:45,6.775,,,,
1049,2/20/18 14:00,7.079,,,,
1050,2/20/18 14:15,7.28,,,,
1051,2/20/18 14:30,7.28,,,,
1052,2/20/18 14:45,7.179,,,,
1053,2/20/18 15:00,6.978,,,,
1054,2/20/18 15:15,6.674,,,,
1055,2/20/18 15:30,6.674,,,,
1056,2/20/18 15:45,6.775,,,,
1057,2/20/18 16:00,6.674,,,,
1058,2/20/18 16:15,6.471,,,,
1059,2/20/18 16:30,6.268,,,,
1060,2/20/18 16:45,6.064,,,,
1061,2/20/18 17:00,6.37,,,,
1062,2/20/18 17:15,6.573,,,,
1063,2/20/18 17:30,6.775,,,,
1064,2/20/18 17:45,6.775,,,,
1065,2/20/18 18:00,6.674,,,,
1066,2/20/18 18:15,6.674,,,,
1067,2/20/18 18:30,6.775,,,,
1068,2/20/18 18:45,6.775,,,,
1069,2/20/18 19:00,6.877,,,,
1070,2/20/18 19:15,6.877,,,,
1071,2/20/18 19:30,6.877,,,,
1072,2/20/18 19:45,6.775,,,,
1073,2/20/18 20:00,6.775,,,,
1074,2/20/18 20:15,6.877,,,,
1075,2/20/18 20:30,6.573,,,,
1076,2/20/18 20:45,6.471,,,,
1077,2/20/18 21:00,6.573,,,,
1078,2/20/18 21:15,6.674,,,,
1079,2/20/18 21:30,6.573,,,,
1080,2/20/18 21:45,6.573,,,,
1081,2/20/18 22:00,6.471,,,,
1082,2/20/18 22:15,6.471,,,,
1083,2/20/18 22:30,6.471,,,,
1084,2/20/18 22:45,6.37,,,,
1085,2/20/18 23:00,6.268,,,,
1086,2/20/18 23:15,6.166,,,,
1087,2/20/18 23:30,6.064,,,,
1088,2/20/18 23:45,6.064,,,,
1089,2/21/18 0:00,5.757,,,,
1090,2/21/18 0:15,5.655,,,,
1091,2/21/18 0:30,5.45,,,,
1092,2/21/18 0:45,5.347,,,,
1093,2/21/18 1:00,4.934,,,,
1094,2/21/18 1:15,4.519,,,,
1095,2/21/18 1:30,4.207,,,,
1096,2/21/18 1:45,3.788,,,,
1097,2/21/18 2:00,3.367,,,,
1098,2/21/18 2:15,3.049,,,,
1099,2/21/18 2:30,2.73,,,,
1100,2/21/18 2:45,2.73,,,,
1101,2/21/18 3:00,2.624,,,,
1102,2/21/18 3:15,2.517,,,,
1103,2/21/18 3:30,2.624,,,,
1104,2/21/18 3:45,2.624,,,,
1105,2/21/18 4:00,2.624,,,,
1106,2/21/18 4:15,2.517,,,,
1107,2/21/18 4:30,3.578,,,,
1108,2/21/18 4:45,5.037,,,,
1109,2/21/18 5:00,5.86,,,,
1110,2/21/18 5:15,6.268,,,,
1111,2/21/18 5:30,6.37,,,,
1112,2/21/18 5:45,6.471,,,,
1113,2/21/18 6:00,6.471,,,,
1114,2/21/18 6:15,6.471,,,,
1115,2/21/18 6:30,6.471,,,,
1116,2/21/18 6:45,6.37,,,,
1117,2/21/18 7:00,6.471,,,,
1118,2/21/18 7:15,6.37,,,,
1119,2/21/18 7:30,6.37,,,,
1120,2/21/18 7:45,6.37,,,,
1121,2/21/18 8:00,6.268,,,,
1122,2/21/18 8:15,6.37,,,,
1123,2/21/18 8:30,6.268,,,,
1124,2/21/18 8:45,6.471,,,,
1125,2/21/18 9:00,6.268,,,,
1126,2/21/18 9:15,6.268,,,,
1127,2/21/18 9:30,6.471,,,,
1128,2/21/18 9:45,6.37,,,,
1129,2/21/18 10:00,6.37,,,,
1130,2/21/18 10:15,6.37,,,,
1131,2/21/18 10:30,6.573,,,,
1132,2/21/18 10:45,6.775,,,,
1133,2/21/18 11:00,6.775,,,,
1134,2/21/18 11:15,6.775,,,,
1135,2/21/18 11:30,6.978,,,,
1136,2/21/18 11:45,6.674,,,,
1137,2/21/18 12:00,6.674,,,,
1138,2/21/18 12:15,6.573,,,,
1139,2/21/18 12:30,6.471,,,,
1140,2/21/18 12:45,6.37,,,,
1141,2/21/18 13:00,6.268,,,,
1142,2/21/18 13:15,6.268,,,,
1143,2/21/18 13:30,6.268,,,,
1144,2/21/18 13:45,6.268,,,,
1145,2/21/18 14:00,6.166,,,,
1146,2/21/18 14:15,6.37,,,,
1147,2/21/18 14:30,6.268,,,,
1148,2/21/18 14:45,6.573,,,,
1149,2/21/18 15:00,6.573,,,,
1150,2/21/18 15:15,6.573,,,,
1151,2/21/18 15:30,6.674,,,,
1152,2/21/18 15:45,6.674,,,,
1153,2/21/18 16:00,6.674,,,,
1154,2/21/18 16:15,6.37,,,,
1155,2/21/18 16:30,6.166,,,,
1156,2/21/18 16:45,5.757,,,,
1157,2/21/18 17:00,5.552,,,,
1158,2/21/18 17:15,5.347,,,,
1159,2/21/18 17:30,5.141,,,,
1160,2/21/18 17:45,5.037,,,,
1161,2/21/18 18:00,5.037,,,,
1162,2/21/18 18:15,5.962,,,,
1163,2/21/18 18:30,6.166,,,,
1164,2/21/18 18:45,6.268,,,,
1165,2/21/18 19:00,6.268,,,,
1166,2/21/18 19:15,6.37,,,,
1167,2/21/18 19:30,6.37,,,,
1168,2/21/18 19:45,6.37,,,,
1169,2/21/18 20:00,6.37,,,,
1170,2/21/18 20:15,6.37,,,,
1171,2/21/18 20:30,6.37,,,,
1172,2/21/18 20:45,6.37,,,,
1173,2/21/18 21:00,6.37,,,,
1174,2/21/18 21:15,6.37,,,,
1175,2/21/18 21:30,6.37,,,,
1176,2/21/18 21:45,6.268,,,,
1177,2/21/18 22:00,6.37,,,,
1178,2/21/18 22:15,6.37,,,,
1179,2/21/18 22:30,6.268,,,,
1180,2/21/18 22:45,6.166,,,,
1181,2/21/18 23:00,6.166,,,,
1182,2/21/18 23:15,6.268,,,,
1183,2/21/18 23:30,6.268,,,,
1184,2/21/18 23:45,6.268,,,,
1185,2/22/18 0:00,6.166,,,,
1186,2/22/18 0:15,6.166,,,,
1187,2/22/18 0:30,6.064,,,,
1188,2/22/18 0:45,6.064,,,,
1189,2/22/18 1:00,5.962,,,,
1190,2/22/18 1:15,5.86,,,,
1191,2/22/18 1:30,5.962,,,,
1192,2/22/18 1:45,5.757,,,,
1193,2/22/18 2:00,5.757,,,,
1194,2/22/18 2:15,5.655,,,,
1195,2/22/18 2:30,5.552,,,,
1196,2/22/18 2:45,5.45,,,,
1197,2/22/18 3:00,5.141,,,,
1198,2/22/18 3:15,4.934,,,,
1199,2/22/18 3:30,4.831,,,,
1200,2/22/18 3:45,4.623,,,,
1201,2/22/18 4:00,4.727,,,,
1202,2/22/18 4:15,4.831,,,,
1203,2/22/18 4:30,5.244,,,,
1204,2/22/18 4:45,5.244,,,,
1205,2/22/18 5:00,5.655,,,,
1206,2/22/18 5:15,5.757,,,,
1207,2/22/18 5:30,5.757,,,,
1208,2/22/18 5:45,5.757,,,,
1209,2/22/18 6:00,5.757,,,,
1210,2/22/18 6:15,5.45,,,,
1211,2/22/18 6:30,5.655,,,,
1212,2/22/18 6:45,5.86,,,,
1213,2/22/18 7:00,5.962,,,,
1214,2/22/18 7:15,5.962,,,,
1215,2/22/18 7:30,5.962,,,,
1216,2/22/18 7:45,5.962,,,,
1217,2/22/18 8:00,6.064,,,,
1218,2/22/18 8:15,6.064,,,,
1219,2/22/18 8:30,6.064,,,,
1220,2/22/18 8:45,5.962,,,,
1221,2/22/18 9:00,5.962,,,,
1222,2/22/18 9:15,5.962,,,,
1223,2/22/18 9:30,5.86,,,,
1224,2/22/18 9:45,5.86,,,,
1225,2/22/18 10:00,5.962,,,,
1226,2/22/18 10:15,5.86,,,,
1227,2/22/18 10:30,5.655,,,,
1228,2/22/18 10:45,5.757,,,,
1229,2/22/18 11:00,5.86,,,,
1230,2/22/18 11:15,5.962,,,,
1231,2/22/18 11:30,5.962,,,,
1232,2/22/18 11:45,5.757,,,,
1233,2/22/18 12:00,5.655,,,,
1234,2/22/18 12:15,5.757,,,,
1235,2/22/18 12:30,6.064,,,,
1236,2/22/18 12:45,6.268,,,,
1237,2/22/18 13:00,6.471,,,,
1238,2/22/18 13:15,6.37,,,,
1239,2/22/18 13:30,6.471,,,,
1240,2/22/18 13:45,6.471,,,,
1241,2/22/18 14:00,6.37,,,,
1242,2/22/18 14:15,5.347,,,,
1243,2/22/18 14:30,5.141,,,,
1244,2/22/18 14:45,5.244,,,,
1245,2/22/18 15:00,5.037,,,,
1246,2/22/18 15:15,4.311,,,,
1247,2/22/18 15:30,3.683,,,,
1248,2/22/18 15:45,3.261,,,,
1249,2/22/18 16:00,2.837,,,,
1250,2/22/18 16:15,2.41,,,,
1251,2/22/18 16:30,2.088,,,,
1252,2/22/18 16:45,1.764,,,,
1253,2/22/18 17:00,1.548,,,,
1254,2/22/18 17:15,1.33,,,,
1255,2/22/18 17:30,1.221,,,,
1256,2/22/18 17:45,1.112,,,,
1257,2/22/18 18:00,1.003,,,,
1258,2/22/18 18:15,1.003,,,,
1259,2/22/18 18:30,1.003,,,,
1260,2/22/18 18:45,1.221,,,,
1261,2/22/18 19:00,1.221,,,,
1262,2/22/18 19:15,1.33,,,,
1263,2/22/18 19:30,1.548,,,,
1264,2/22/18 19:45,5.037,,,,
1265,2/22/18 20:00,5.552,,,,
1266,2/22/18 20:15,5.552,,,,
1267,2/22/18 20:30,5.962,,,,
1268,2/22/18 20:45,6.166,,,,
1269,2/22/18 21:00,6.166,,,,
1270,2/22/18 21:15,6.166,,,,
1271,2/22/18 21:30,6.166,,,,
1272,2/22/18 21:45,5.552,,,,
1273,2/22/18 22:00,6.064,,,,
1274,2/22/18 22:15,5.86,,,,
1275,2/22/18 22:30,5.962,,,,
1276,2/22/18 22:45,5.962,,,,
1277,2/22/18 23:00,5.86,,,,
1278,2/22/18 23:15,5.757,,,,
1279,2/22/18 23:30,5.757,,,,
1280,2/22/18 23:45,5.757,,,,
1281,2/23/18 0:00,5.86,,,,
1282,2/23/18 0:15,5.86,,,,
1283,2/23/18 0:30,5.655,,,,
1284,2/23/18 0:45,5.655,,,,
1285,2/23/18 1:00,5.655,,,,
1286,2/23/18 1:15,5.757,,,,
1287,2/23/18 1:30,5.655,,,,
1288,2/23/18 1:45,5.655,,,,
1289,2/23/18 2:00,5.552,,,,
1290,2/23/18 2:15,5.552,,,,
1291,2/23/18 2:30,5.45,,,,
1292,2/23/18 2:45,5.347,,,,
1293,2/23/18 3:00,5.244,,,,
1294,2/23/18 3:15,5.141,,,,
1295,2/23/18 3:30,5.037,,,,
1296,2/23/18 3:45,4.831,,,,
1297,2/23/18 4:00,4.727,,,,
1298,2/23/18 4:15,4.727,,,,
1299,2/23/18 4:30,4.727,,,,
1300,2/23/18 4:45,4.727,,,,
1301,2/23/18 5:00,4.519,,,,
1302,2/23/18 5:15,4.727,,,,
1303,2/23/18 5:30,4.727,,,,
1304,2/23/18 5:45,4.934,,,,
1305,2/23/18 6:00,4.934,,,,
1306,2/23/18 6:15,5.347,,,,
1307,2/23/18 6:30,5.655,,,,
1308,2/23/18 6:45,5.757,,,,
1309,2/23/18 7:00,5.86,,,,
1310,2/23/18 7:15,5.962,,,,
1311,2/23/18 7:30,5.962,,,,
1312,2/23/18 7:45,5.86,,,,
1313,2/23/18 8:00,5.962,,,,
1314,2/23/18 8:15,6.064,,,,
1315,2/23/18 8:30,5.86,,,,
1316,2/23/18 8:45,5.86,,,,
1317,2/23/18 9:00,5.86,,,,
1318,2/23/18 9:15,5.86,,,,
1319,2/23/18 9:30,5.757,,,,
1320,2/23/18 9:45,5.86,,,,
1321,2/23/18 10:00,5.655,,,,
1322,2/23/18 10:15,5.757,,,,
1323,2/23/18 10:30,5.757,,,,
1324,2/23/18 10:45,5.86,,,,
1325,2/23/18 11:00,5.757,,,,
1326,2/23/18 11:15,5.552,,,,
1327,2/23/18 11:30,5.552,,,,
1328,2/23/18 11:45,5.655,,,,
1329,2/23/18 12:00,5.552,,,,
1330,2/23/18 12:15,5.552,,,,
1331,2/23/18 12:30,5.655,,,,
1332,2/23/18 12:45,6.166,,,,
1333,2/23/18 13:00,5.86,,,,
1334,2/23/18 13:15,6.573,,,,
1335,2/23/18 13:30,6.166,,,,
1336,2/23/18 13:45,6.166,,,,
1337,2/23/18 14:00,5.244,,,,
1338,2/23/18 14:15,4.623,,,,
1339,2/23/18 14:30,4.415,,,,
1340,2/23/18 14:45,4.727,,,,
1341,2/23/18 15:00,5.244,,,,
1342,2/23/18 15:15,5.037,,,,
1343,2/23/18 15:30,4.934,,,,
1344,2/23/18 15:45,5.244,,,,
1345,2/23/18 16:00,5.347,,,,
1346,2/23/18 16:15,5.141,,,,
1347,2/23/18 16:30,4.727,,,,
1348,2/23/18 16:45,4.727,,,,
1349,2/23/18 17:00,4.519,,,,
1350,2/23/18 17:15,4.207,,,,
1351,2/23/18 17:30,3.893,,,,
1352,2/23/18 17:45,3.578,,,,
1353,2/23/18 18:00,3.472,,,,
1354,2/23/18 18:15,3.472,,,,
1355,2/23/18 18:30,3.261,,,,
1356,2/23/18 18:45,3.261,,,,
1357,2/23/18 19:00,3.155,,,,
1358,2/23/18 19:15,3.261,,,,
1359,2/23/18 19:30,3.367,,,,
1360,2/23/18 19:45,3.367,,,,
1361,2/23/18 20:00,3.578,,,,
1362,2/23/18 20:15,3.472,,,,
1363,2/23/18 20:30,3.472,,,,
1364,2/23/18 20:45,3.578,,,,
1365,2/23/18 21:00,4.415,,,,
1366,2/23/18 21:15,5.037,,,,
1367,2/23/18 21:30,5.347,,,,
1368,2/23/18 21:45,5.655,,,,
1369,2/23/18 22:00,5.86,,,,
1370,2/23/18 22:15,5.86,,,,
1371,2/23/18 22:30,5.962,,,,
1372,2/23/18 22:45,5.962,,,,
1373,2/23/18 23:00,5.757,,,,
1374,2/23/18 23:15,5.86,,,,
1375,2/23/18 23:30,5.86,,,,
1376,2/23/18 23:45,5.86,,,,
1377,2/24/18 0:00,5.86,,,,
1378,2/24/18 0:15,5.86,,,,
1379,2/24/18 0:30,5.86,,,,
1380,2/24/18 0:45,5.962,,,,
1381,2/24/18 1:00,5.757,,,,
1382,2/24/18 1:15,5.655,,,,
1383,2/24/18 1:30,5.655,,,,
1384,2/24/18 1:45,5.655,,,,
1385,2/24/18 2:00,5.655,,,,
1386,2/24/18 2:15,5.552,,,,
1387,2/24/18 2:30,5.552,,,,
1388,2/24/18 2:45,5.552,,,,
1389,2/24/18 3:00,5.552,,,,
1390,2/24/18 3:15,5.552,,,,
1391,2/24/18 3:30,5.552,,,,
1392,2/24/18 3:45,5.552,,,,
1393,2/24/18 4:00,5.552,,,,
1394,2/24/18 4:15,5.45,,,,
1395,2/24/18 4:30,5.347,,,,
1396,2/24/18 4:45,5.244,,,,
1397,2/24/18 5:00,5.244,,,,
1398,2/24/18 5:15,5.244,,,,
1399,2/24/18 5:30,5.141,,,,
1400,2/24/18 5:45,5.244,,,,
1401,2/24/18 6:00,5.244,,,,
1402,2/24/18 6:15,5.244,,,,
1403,2/24/18 6:30,5.244,,,,
1404,2/24/18 6:45,5.347,,,,
1405,2/24/18 7:00,5.347,,,,
1406,2/24/18 7:15,5.45,,,,
1407,2/24/18 7:30,5.552,,,,
1408,2/24/18 7:45,5.45,,,,
1409,2/24/18 8:00,5.552,,,,
1410,2/24/18 8:15,5.655,,,,
1411,2/24/18 8:30,5.655,,,,
1412,2/24/18 8:45,5.757,,,,
1413,2/24/18 9:00,5.757,,,,
1414,2/24/18 9:15,5.962,,,,
1415,2/24/18 9:30,6.166,,,,
1416,2/24/18 9:45,6.268,,,,
1417,2/24/18 10:00,6.573,,,,
1418,2/24/18 10:15,6.37,,,,
1419,2/24/18 10:30,6.268,,,,
1420,2/24/18 10:45,6.471,,,,
1421,2/24/18 11:00,6.775,,,,
1422,2/24/18 11:15,6.573,,,,
1423,2/24/18 11:30,6.775,,,,
1424,2/24/18 11:45,6.573,,,,
1425,2/24/18 12:00,6.471,,,,
1426,2/24/18 12:15,6.37,,,,
1427,2/24/18 12:30,6.37,,,,
1428,2/24/18 12:45,6.166,,,,
1429,2/24/18 13:00,6.166,,,,
1430,2/24/18 13:15,6.064,,,,
1431,2/24/18 13:30,6.064,,,,
1432,2/24/18 13:45,6.166,,,,
1433,2/24/18 14:00,6.064,,,,
1434,2/24/18 14:15,6.268,,,,
1435,2/24/18 14:30,6.064,,,,
1436,2/24/18 14:45,5.86,,,,
1437,2/24/18 15:00,5.962,,,,
1438,2/24/18 15:15,5.962,,,,
1439,2/24/18 15:30,5.962,,,,
1440,2/24/18 15:45,5.962,,,,
1441,2/24/18 16:00,6.064,,,,
1442,2/24/18 16:15,6.064,,,,
1443,2/24/18 16:30,6.166,,,,
1444,2/24/18 16:45,6.37,,,,
1445,2/24/18 17:00,6.166,,,,
1446,2/24/18 17:15,6.166,,,,
1447,2/24/18 17:30,5.962,,,,
1448,2/24/18 17:45,5.655,,,,
1449,2/24/18 18:00,5.45,,,,
1450,2/24/18 18:15,5.244,,,,
1451,2/24/18 18:30,5.037,,,,
1452,2/24/18 18:45,4.831,,,,
1453,2/24/18 19:00,4.831,,,,
1454,2/24/18 19:15,4.934,,,,
1455,2/24/18 19:30,4.934,,,,
1456,2/24/18 19:45,4.831,,,,
1457,2/24/18 20:00,4.831,,,,
1458,2/24/18 20:15,4.727,,,,
1459,2/24/18 20:30,4.519,,,,
1460,2/24/18 20:45,4.831,,,,
1461,2/24/18 21:00,4.831,,,,
1462,2/24/18 21:15,4.727,,,,
1463,2/24/18 21:30,4.623,,,,
1464,2/24/18 21:45,4.727,,,,
1465,2/24/18 22:00,4.623,,,,
1466,2/24/18 22:15,5.141,,,,
1467,2/24/18 22:30,6.268,,,,
1468,2/24/18 22:45,6.268,,,,
1469,2/24/18 23:00,6.471,,,,
1470,2/24/18 23:15,6.775,,,,
1471,2/24/18 23:30,6.877,,,,
1472,2/24/18 23:45,6.877,,,,
1473,2/25/18 0:00,6.775,,,,
1474,2/25/18 0:15,6.775,,,,
1475,2/25/18 0:30,6.775,,,,
1476,2/25/18 0:45,6.775,,,,
1477,2/25/18 1:00,6.775,,,,
1478,2/25/18 1:15,6.674,,,,
1479,2/25/18 1:30,6.674,,,,
1480,2/25/18 1:45,6.674,,,,
1481,2/25/18 2:00,6.674,,,,
1482,2/25/18 2:15,6.674,,,,
1483,2/25/18 2:30,6.674,,,,
1484,2/25/18 2:45,6.573,,,,
1485,2/25/18 3:00,6.573,,,,
1486,2/25/18 3:15,6.573,,,,
1487,2/25/18 3:30,6.573,,,,
1488,2/25/18 3:45,6.573,,,,
1489,2/25/18 4:00,6.573,,,,
1490,2/25/18 4:15,6.573,,,,
1491,2/25/18 4:30,6.471,,,,
1492,2/25/18 4:45,6.471,,,,
1493,2/25/18 5:00,6.471,,,,
1494,2/25/18 5:15,6.471,,,,
1495,2/25/18 5:30,6.471,,,,
1496,2/25/18 5:45,6.471,,,,
1497,2/25/18 6:00,6.471,,,,
1498,2/25/18 6:15,6.471,,,,
1499,2/25/18 6:30,6.37,,,,
1500,2/25/18 6:45,6.37,,,,
1501,2/25/18 7:00,6.37,,,,
1502,2/25/18 7:15,6.37,,,,
1503,2/25/18 7:30,6.37,,,,
1504,2/25/18 7:45,6.268,,,,
1505,2/25/18 8:00,6.268,,,,
1506,2/25/18 8:15,6.268,,,,
1507,2/25/18 8:30,6.471,,,,
1508,2/25/18 8:45,6.573,,,,
1509,2/25/18 9:00,6.573,,,,
1510,2/25/18 9:15,6.674,,,,
1511,2/25/18 9:30,6.674,,,,
1512,2/25/18 9:45,6.674,,,,
1513,2/25/18 10:00,6.674,,,,
1514,2/25/18 10:15,6.775,,,,
1515,2/25/18 10:30,6.877,,,,
1516,2/25/18 10:45,6.775,,,,
1517,2/25/18 11:00,6.877,,,,
1518,2/25/18 11:15,7.079,,,,
1519,2/25/18 11:30,7.179,,,,
1520,2/25/18 11:45,7.179,,,,
1521,2/25/18 12:00,7.179,,,,
1522,2/25/18 12:15,7.179,,,,
1523,2/25/18 12:30,7.079,,,,
1524,2/25/18 12:45,7.582,,,,
1525,2/25/18 13:00,7.882,,,,
1526,2/25/18 13:15,7.882,,,,
1527,2/25/18 13:30,7.682,,,,
1528,2/25/18 13:45,7.782,,,,
1529,2/25/18 14:00,7.481,,,,
1530,2/25/18 14:15,7.079,,,,
1531,2/25/18 14:30,6.978,,,,
1532,2/25/18 14:45,6.877,,,,
1533,2/25/18 15:00,6.978,,,,
1534,2/25/18 15:15,6.877,,,,
1535,2/25/18 15:30,6.877,,,,
1536,2/25/18 15:45,6.877,,,,
1537,2/25/18 16:00,6.978,,,,
1538,2/25/18 16:15,6.978,,,,
1539,2/25/18 16:30,6.877,,,,
1540,2/25/18 16:45,6.978,,,,
1541,2/25/18 17:00,7.079,,,,
1542,2/25/18 17:15,7.079,,,,
1543,2/25/18 17:30,6.978,,,,
1544,2/25/18 17:45,6.775,,,,
1545,2/25/18 18:00,6.268,,,,
1546,2/25/18 18:15,5.86,,,,
1547,2/25/18 18:30,5.552,,,,
1548,2/25/18 18:45,5.347,,,,
1549,2/25/18 19:00,5.141,,,,
1550,2/25/18 19:15,5.141,,,,
1551,2/25/18 19:30,5.037,,,,
1552,2/25/18 19:45,4.727,,,,
1553,2/25/18 20:00,4.415,,,,
1554,2/25/18 20:15,4.311,,,,
1555,2/25/18 20:30,3.998,,,,
1556,2/25/18 20:45,3.893,,,,
1557,2/25/18 21:00,3.788,,,,
1558,2/25/18 21:15,3.683,,,,
1559,2/25/18 21:30,3.578,,,,
1560,2/25/18 21:45,3.367,,,,
1561,2/25/18 22:00,3.578,,,,
1562,2/25/18 22:15,3.472,,,,
1563,2/25/18 22:30,3.367,,,,
1564,2/25/18 22:45,3.367,,,,
1565,2/25/18 23:00,3.049,,,,
1566,2/25/18 23:15,5.347,,,,
1567,2/25/18 23:30,6.471,,,,
1568,2/25/18 23:45,6.573,,,,
1569,2/26/18 0:00,6.573,,,,
1570,2/26/18 0:15,6.573,,,,
1571,2/26/18 0:30,6.573,,,,
1572,2/26/18 0:45,6.573,,,,
1573,2/26/18 1:00,6.573,,,,
1574,2/26/18 1:15,6.573,,,,
1575,2/26/18 1:30,6.573,,,,
1576,2/26/18 1:45,6.573,,,,
1577,2/26/18 2:00,6.471,,,,
1578,2/26/18 2:15,6.471,,,,
1579,2/26/18 2:30,6.471,,,,
1580,2/26/18 2:45,6.573,,,,
1581,2/26/18 3:00,6.471,,,,
1582,2/26/18 3:15,6.37,,,,
1583,2/26/18 3:30,6.37,,,,
1584,2/26/18 3:45,6.37,,,,
1585,2/26/18 4:00,6.37,,,,
1586,2/26/18 4:15,6.37,,,,
1587,2/26/18 4:30,6.37,,,,
1588,2/26/18 4:45,6.268,,,,
1589,2/26/18 5:00,6.268,,,,
1590,2/26/18 5:15,6.37,,,,
1591,2/26/18 5:30,6.268,,,,
1592,2/26/18 5:45,6.268,,,,
1593,2/26/18 6:00,6.268,,,,
1594,2/26/18 6:15,6.268,,,,
1595,2/26/18 6:30,6.166,,,,
1596,2/26/18 6:45,6.064,,,,
1597,2/26/18 7:00,6.064,,,,
1598,2/26/18 7:15,6.064,,,,
1599,2/26/18 7:30,6.064,,,,
1600,2/26/18 7:45,6.064,,,,
1601,2/26/18 8:00,6.064,,,,
1602,2/26/18 8:15,6.064,,,,
1603,2/26/18 8:30,6.064,,,,
1604,2/26/18 8:45,6.064,,,,
1605,2/26/18 9:00,6.064,,,,
1606,2/26/18 9:15,6.471,,,,
1607,2/26/18 9:30,6.573,,,,
1608,2/26/18 9:45,6.674,,,,
1609,2/26/18 10:00,6.877,,,,
1610,2/26/18 10:15,6.877,,,,
1611,2/26/18 10:30,7.28,,,,
1612,2/26/18 10:45,7.481,,,,
1613,2/26/18 11:00,7.582,,,,
1614,2/26/18 11:15,7.381,,,,
1615,2/26/18 11:30,7.682,,,,
1616,2/26/18 11:45,7.782,,,,
1617,2/26/18 12:00,7.782,,,,
1618,2/26/18 12:15,7.782,,,,
1619,2/26/18 12:30,7.782,,,,
1620,2/26/18 12:45,7.782,,,,
1621,2/26/18 13:00,7.782,,,,
1622,2/26/18 13:15,7.682,,,,
1623,2/26/18 13:30,7.782,,,,
1624,2/26/18 13:45,7.079,,,,
1625,2/26/18 14:00,7.481,,,,
1626,2/26/18 14:15,7.079,,,,
1627,2/26/18 14:30,7.179,,,,
1628,2/26/18 14:45,7.079,,,,
1629,2/26/18 15:00,7.079,,,,
1630,2/26/18 15:15,7.179,,,,
1631,2/26/18 15:30,7.079,,,,
1632,2/26/18 15:45,7.079,,,,
1633,2/26/18 16:00,7.079,,,,
1634,2/26/18 16:15,7.079,,,,
1635,2/26/18 16:30,6.978,,,,
1636,2/26/18 16:45,6.978,,,,
1637,2/26/18 17:00,6.877,,,,
1638,2/26/18 17:15,6.775,,,,
1639,2/26/18 17:30,6.674,,,,
1640,2/26/18 17:45,6.573,,,,
1641,2/26/18 18:00,6.471,,,,
1642,2/26/18 18:15,6.471,,,,
1643,2/26/18 18:30,6.37,,,,
1644,2/26/18 18:45,5.962,,,,
1645,2/26/18 19:00,5.655,,,,
1646,2/26/18 19:15,5.347,,,,
1647,2/26/18 19:30,5.037,,,,
1648,2/26/18 19:45,4.831,,,,
1649,2/26/18 20:00,4.623,,,,
1650,2/26/18 20:15,4.519,,,,
1651,2/26/18 20:30,4.311,,,,
1652,2/26/18 20:45,4.415,,,,
1653,2/26/18 21:00,4.311,,,,
1654,2/26/18 21:15,4.207,,,,
1655,2/26/18 21:30,4.102,,,,
1656,2/26/18 21:45,3.683,,,,
1657,2/26/18 22:00,3.472,,,,
1658,2/26/18 22:15,3.367,,,,
1659,2/26/18 22:30,3.155,,,,
1660,2/26/18 22:45,3.049,,,,
1661,2/26/18 23:00,3.155,,,,
1662,2/26/18 23:15,3.261,,,,
1663,2/26/18 23:30,3.155,,,,
1664,2/26/18 23:45,3.261,,,,
1665,2/27/18 0:00,3.155,,,,
1666,2/27/18 0:15,3.367,,,,
1667,2/27/18 0:30,3.893,,,,
1668,2/27/18 0:45,6.37,,,,
1669,2/27/18 1:00,6.573,,,,
1670,2/27/18 1:15,6.674,,,,
1671,2/27/18 1:30,6.674,,,,
1672,2/27/18 1:45,6.573,,,,
1673,2/27/18 2:00,6.674,,,,
1674,2/27/18 2:15,6.674,,,,
1675,2/27/18 2:30,6.674,,,,
1676,2/27/18 2:45,6.775,,,,
1677,2/27/18 3:00,6.674,,,,
1678,2/27/18 3:15,6.775,,,,
1679,2/27/18 3:30,6.775,,,,
1680,2/27/18 3:45,6.775,,,,
1681,2/27/18 4:00,6.775,,,,
1682,2/27/18 4:15,6.775,,,,
1683,2/27/18 4:30,6.775,,,,
1684,2/27/18 4:45,6.674,,,,
1685,2/27/18 5:00,6.471,,,,
1686,2/27/18 5:15,6.471,,,,
1687,2/27/18 5:30,6.573,,,,
1688,2/27/18 5:45,6.573,,,,
1689,2/27/18 6:00,6.573,,,,
1690,2/27/18 6:15,6.573,,,,
1691,2/27/18 6:30,6.471,,,,
1692,2/27/18 6:45,6.471,,,,
1693,2/27/18 7:00,6.471,,,,
1694,2/27/18 7:15,6.37,,,,
1695,2/27/18 7:30,6.37,,,,
1696,2/27/18 7:45,6.37,,,,
1697,2/27/18 8:00,6.37,,,,
1698,2/27/18 8:15,6.37,,,,
1699,2/27/18 8:30,6.268,,,,
1700,2/27/18 8:45,6.268,,,,
1701,2/27/18 9:00,6.268,,,,
1702,2/27/18 9:15,6.37,,,,
1703,2/27/18 9:30,6.573,,,,
1704,2/27/18 9:45,6.674,,,,
1705,2/27/18 10:00,6.674,,,,
1706,2/27/18 10:15,6.674,,,,
1707,2/27/18 10:30,6.775,,,,
1708,2/27/18 10:45,6.877,,,,
1709,2/27/18 11:00,7.079,,,,
1710,2/27/18 11:15,7.28,,,,
1711,2/27/18 11:30,7.582,,,,
1712,2/27/18 11:45,7.882,,,,
1713,2/27/18 12:00,7.782,,,,
1714,2/27/18 12:15,7.983,,,,
1715,2/27/18 12:30,7.682,,,,
1716,2/27/18 12:45,7.079,,,,
1717,2/27/18 13:00,7.079,,,,
1718,2/27/18 13:15,7.179,,,,
1719,2/27/18 13:30,7.179,,,,
1720,2/27/18 13:45,7.179,,,,
1721,2/27/18 14:00,7.179,,,,
1722,2/27/18 14:15,7.179,,,,
1723,2/27/18 14:30,7.079,,,,
1724,2/27/18 14:45,7.179,,,,
1725,2/27/18 15:00,7.179,,,,
1726,2/27/18 15:15,7.179,,,,
1727,2/27/18 15:30,7.179,,,,
1728,2/27/18 15:45,7.179,,,,
1729,2/27/18 16:00,7.179,,,,
1730,2/27/18 16:15,7.179,,,,
1731,2/27/18 16:30,7.179,,,,
1732,2/27/18 16:45,7.079,,,,
1733,2/27/18 17:00,7.079,,,,
1734,2/27/18 17:15,7.079,,,,
1735,2/27/18 17:30,7.079,,,,
1736,2/27/18 17:45,6.978,,,,
1737,2/27/18 18:00,6.978,,,,
1738,2/27/18 18:15,6.978,,,,
1739,2/27/18 18:30,6.978,,,,
1740,2/27/18 18:45,6.978,,,,
1741,2/27/18 19:00,6.978,,,,
1742,2/27/18 19:15,6.978,,,,
1743,2/27/18 19:30,6.978,,,,
1744,2/27/18 19:45,6.877,,,,
1745,2/27/18 20:00,6.775,,,,
1746,2/27/18 20:15,6.775,,,,
1747,2/27/18 20:30,8.581,,,,
1748,2/27/18 20:45,6.877,,,,
1749,2/27/18 21:00,10.063,,,,
1750,2/27/18 21:15,16.713,,,,
1751,2/27/18 21:30,17.57,,,,
1752,2/27/18 21:45,17.57,,,,
1753,2/27/18 22:00,17.57,,,,
1754,2/27/18 22:15,16.713,,,,
1755,2/27/18 22:30,16.523,,,,
1756,2/27/18 22:45,16.523,,,,
1757,2/27/18 23:00,16.523,,,,
1758,2/27/18 23:15,16.618,,,,
1759,2/27/18 23:30,16.618,,,,
1760,2/27/18 23:45,16.523,,,,
1761,2/28/18 0:00,16.141,,,,
1762,2/28/18 0:15,15.664,,,,
1763,2/28/18 0:30,15.282,,,,
1764,2/28/18 0:45,15.091,,,,
1765,2/28/18 1:00,14.996,,,,
1766,2/28/18 1:15,14.9,,,,
1767,2/28/18 1:30,14.038,,,,
1768,2/28/18 1:45,13.461,,,,
1769,2/28/18 2:00,14.038,,,,
1770,2/28/18 2:15,14.517,,,,
1771,2/28/18 2:30,14.421,,,,
1772,2/28/18 2:45,13.942,,,,
1773,2/28/18 3:00,13.365,,,,
1774,2/28/18 3:15,12.594,,,,
1775,2/28/18 3:30,11.916,,,,
1776,2/28/18 3:45,11.334,,,,
1777,2/28/18 4:00,10.748,,,,
1778,2/28/18 4:15,10.259,,,,
1779,2/28/18 4:30,9.965,,,,
1780,2/28/18 4:45,9.571,,,,
1781,2/28/18 5:00,9.275,,,,
1782,2/28/18 5:15,8.978,,,,
1783,2/28/18 5:30,8.68,,,,
1784,2/28/18 5:45,8.282,,,,
1785,2/28/18 6:00,7.983,,,,
1786,2/28/18 6:15,7.682,,,,
1787,2/28/18 6:30,7.481,,,,
1788,2/28/18 6:45,7.179,,,,
1789,2/28/18 7:00,7.079,,,,
1790,2/28/18 7:15,6.877,,,,
1791,2/28/18 7:30,6.775,,,,
1792,2/28/18 7:45,6.674,,,,
1793,2/28/18 8:00,6.674,,,,
1794,2/28/18 8:15,6.877,,,,
1795,2/28/18 8:30,7.983,,,,
1796,2/28/18 8:45,9.176,,,,
1797,2/28/18 9:00,9.768,,,,
1798,2/28/18 9:15,10.259,,,,
1799,2/28/18 9:30,11.431,,,,
1800,2/28/18 9:45,12.401,,,,
1801,2/28/18 10:00,13.269,,,,
1802,2/28/18 10:05,,Logged,Logged,,
1803,2/28/18 10:05,,,,Logged,Logged