Timestamp,"OA Monitor - A1 - Temperature (°C)","OA Monitor - A2 - Temperature (°C)","OA Monitor - B1 - Temperature (°C)","OA Monitor - B2 - Temperature (°C)","OA Monitor - C1 - Temperature (°C)","OA Monitor - C2 - Temperature (°C)","OA Monitor - D1 - Temperature (°C)","OA Monitor - D2 - Temperature (°C)"
"2017-11-30 08:56:48",14.12,14.37," "," ",13.97,14.68," "," "
"2017-11-30 09:56:51",14.12,14.37," "," ",14.03,14.75," "," "
"2017-11-30 10:56:55",14.06,14.31," "," ",13.97,14.68," "," "
"2017-11-30 11:56:59",14.06,14.31," "," ",14.03,14.75," "," "
"2017-11-30 12:57:02",14.06,14.31," "," ",14.03,14.75," "," "
"2017-11-30 13:57:06",13.93,14.25," "," ",13.91,14.62," "," "
"2017-11-30 14:26:50",13.93,14.25," "," ",13.91,14.62," "," "
"2017-11-30 15:26:53",14,14.25," "," ",13.97,14.75," "," "
"2017-11-30 16:26:58",13.93,14.25," "," ",13.85,14.62," "," "
"2017-11-30 16:53:20",13.93,14.25," "," ",13.91,14.68," "," "
"2017-11-30 17:53:25",13.12,13.56," "," ",14.1,14.62," "," "
"2017-11-30 18:53:28",12.81,13.43," "," ",13.78,14.56," "," "
"2017-11-30 19:53:33",13.06,13.75," "," ",13.78,14.56," "," "
"2017-11-30 20:53:35",13.43,13.93," "," ",13.91,14.68," "," "
"2017-11-30 21:53:40",13.18,13.87," "," ",13.78,14.56," "," "
"2017-11-30 22:34:28",13.37,13.93," "," ",13.91,14.75," "," "
"2017-11-30 23:34:31",13.62,14.18," "," ",14.1,14.87," "," "
"2017-12-01 00:34:34",13.68,14.12," "," ",14.1,14.81," "," "
"2017-12-01 01:34:42",12.81,13.56," "," ",13.6,14.56," "," "
"2017-12-01 02:34:41",13.5,13.87," "," ",13.78,14.43," "," "
"2017-12-01 03:34:45",13.87,14.18," "," ",14.03,14.68," "," "
"2017-12-01 04:34:48",13.87,14.12," "," ",13.91,14.62," "," "
"2017-12-01 04:41:30",13.87,14.18," "," ",13.97,14.62," "," "
"2017-12-01 05:34:56",14,14.25," "," ",14.1,14.81," "," "
"2017-12-01 06:35:00",13.93,14.25," "," ",14.03,14.62," "," "
"2017-12-01 07:35:03",14,14.25," "," ",14.03,14.81," "," "
"2017-12-01 08:35:06",13.87,14.18," "," ",13.97,14.68," "," "
"2017-12-01 09:35:10",13.93,14.18," "," ",14.03,14.81," "," "
"2017-12-01 10:35:14",13.93,14.18," "," ",13.91,14.62," "," "
"2017-12-01 11:35:17",13.93,14.18," "," ",14.03,14.81," "," "
"2017-12-01 12:35:21",13.87,14.12," "," ",13.91,14.62," "," "
"2017-12-01 13:35:24",13.87,14.18," "," ",13.97,14.75," "," "
"2017-12-01 14:35:28",13.81,14.06," "," ",13.85,14.62," "," "
"2017-12-01 14:48:41",13.87,14.12," "," ",13.91,14.68," "," "
"2017-12-01 15:48:45",13.87,14.12," "," ",13.85,14.56," "," "
"2017-12-01 16:06:47",13.87,14.18," "," ",13.97,14.68," "," "
"2017-12-01 17:06:51",13.62,14.06," "," ",13.78,14.62," "," "
"2017-12-01 18:06:55",13.68,14," "," ",13.78,14.43," "," "
"2017-12-01 18:49:46",13.75,14.12," "," ",13.85,14.43," "," "
"2017-12-01 19:05:07",13.87,14.18," "," ",13.91,14.5," "," "
"2017-12-01 19:06:07",13.87,14.18," "," ",13.91,14.5," "," "
"2017-12-01 19:29:14",13.93,14.25," "," ",13.97,14.56," "," "
"2017-12-01 20:29:18",13.93,14.37," "," ",14.1,14.81," "," "
"2017-12-01 21:29:21",13.68,14.12," "," ",13.78,14.43," "," "
"2017-12-01 22:29:25",13.12,13.75," "," ",13.53,14.31," "," "
"2017-12-01 22:45:46",13.12,13.68," "," ",13.47,14.18," "," "
"2017-12-01 22:50:51",13.12,13.62," "," ",13.41,14.18," "," "
"2017-12-01 23:34:50",13.43,13.87," "," ",13.6,14.37," "," "
"2017-12-02 00:26:11",13.87,14.18," "," ",13.91,14.43," "," "
"2017-12-02 01:26:14",14,14.25," "," ",14.03,14.68," "," "
"2017-12-02 01:45:01",14,14.18," "," ",13.91,14.5," "," "
"2017-12-02 02:45:05",14.06,14.31," "," ",14.03,14.68," "," "
"2017-12-02 03:45:08",14.06,14.25," "," ",14.03,14.68," "," "
"2017-12-02 03:49:54",14.06,14.25," "," ",14.03,14.75," "," "
"2017-12-02 03:52:19",14.06,14.31," "," ",14.03,14.81," "," "
"2017-12-02 04:29:10",14.06,14.31," "," ",14.03,14.75," "," "
"2017-12-02 04:31:59",14.06,14.31," "," ",14.03,14.75," "," "
"2017-12-02 05:19:10",14.12,14.31," "," ",14.03,14.81," "," "
"2017-12-02 05:21:28",14.12,14.31," "," ",14.03,14.81," "," "
"2017-12-02 05:37:01",14.06,14.25," "," ",13.97,14.62," "," "
"2017-12-02 06:37:05",14.12,14.37," "," ",14.1,14.81," "," "
"2017-12-02 07:37:08",14.06,14.25," "," ",13.97,14.68," "," "
"2017-12-02 08:33:08",14.12,14.31," "," ",14.1,14.81," "," "
"2017-12-02 08:38:23",14.06,14.31," "," ",14.03,14.81," "," "
"2017-12-02 09:38:26",14,14.25," "," ",14.03,14.75," "," "
"2017-12-02 09:52:42",14.06,14.31," "," ",14.1,14.87," "," "
"2017-12-02 10:52:46",14,14.25," "," ",13.97,14.68," "," "
"2017-12-02 11:52:49",14.12,14.31," "," ",14.1,14.87," "," "
"2017-12-02 12:52:53",14.06,14.31," "," ",13.97,14.75," "," "
"2017-12-02 13:52:56",14.12,14.37," "," ",14.1,14.87," "," "
"2017-12-02 14:53:00",14.06,14.31," "," ",14.03,14.75," "," "
"2017-12-02 15:53:04",14.12,14.37," "," ",14.1,14.93," "," "
"2017-12-02 16:53:07",14.06,14.31," "," ",14.03,14.75," "," "
"2017-12-02 17:53:10",14.12,14.37," "," ",14.1,14.87," "," "
"2017-12-02 18:53:14",14.12,14.37," "," ",14.03,14.75," "," "
"2017-12-02 19:53:18",13.18,13.81," "," ",13.66,14.56," "," "
"2017-12-02 20:53:22",13.62,14," "," ",13.72,14.5," "," "
"2017-12-02 21:53:25",13.93,14.25," "," ",13.97,14.68," "," "
"2017-12-02 22:53:28",13.93,14.25," "," ",13.97,14.68," "," "
"2017-12-02 23:53:32",14,14.25," "," ",13.91,14.62," "," "
"2017-12-03 00:53:36",14,14.31," "," ",13.97,14.68," "," "
"2017-12-03 01:53:39",13.93,14.25," "," ",13.91,14.56," "," "
"2017-12-03 02:53:43",14,14.25," "," ",13.91,14.68," "," "
"2017-12-03 03:53:46",13.93,14.25," "," ",13.91,14.68," "," "
"2017-12-03 04:53:50",13.87,14.25," "," ",13.91,14.62," "," "
"2017-12-03 05:53:54",13.93,14.25," "," ",13.97,14.68," "," "
"2017-12-03 06:53:57",13.87,14.18," "," ",13.91,14.62," "," "
"2017-12-03 07:54:01",13.87,14.25," "," ",13.85,14.62," "," "
"2017-12-03 08:54:04",13.87,14.18," "," ",13.97,14.68," "," "
"2017-12-03 09:54:07",13.87,14.18," "," ",13.85,14.56," "," "
"2017-12-03 10:54:11",13.87,14.25," "," ",13.91,14.68," "," "
"2017-12-03 11:54:15",13.87,14.18," "," ",13.91,14.68," "," "
"2017-12-03 12:54:18",13.81,14.18," "," ",13.85,14.56," "," "
"2017-12-03 13:54:22",13.81,14.18," "," ",13.91,14.68," "," "
"2017-12-03 14:54:26",13.75,14.12," "," ",13.78,14.56," "," "
"2017-12-03 15:54:28",13.75,14.12," "," ",13.85,14.68," "," "
"2017-12-03 16:54:32",13.75,14.12," "," ",13.85,14.62," "," "
"2017-12-03 17:54:36",13.87,14.18," "," ",13.85,14.62," "," "
"2017-12-03 18:54:40",13.93,14.18," "," ",13.91,14.68," "," "
"2017-12-03 19:54:43",13.93,14.25," "," ",13.85,14.56," "," "
"2017-12-03 20:54:46",14,14.31," "," ",13.97,14.68," "," "
"2017-12-03 21:54:50",14,14.31," "," ",13.91,14.62," "," "
"2017-12-03 22:54:53",14,14.31," "," ",13.91,14.62," "," "
"2017-12-03 23:54:57",14,14.31," "," ",13.97,14.68," "," "
"2017-12-04 00:55:01",13.93,14.25," "," ",13.91,14.56," "," "
"2017-12-04 01:55:04",13.87,14.25," "," ",13.91,14.68," "," "
"2017-12-04 02:55:08",13.81,14.18," "," ",13.91,14.62," "," "
"2017-12-04 03:55:12",13.81,14.18," "," ",13.78,14.56," "," "
"2017-12-04 04:55:15",13.75,14.12," "," ",13.78,14.62," "," "
"2017-12-04 05:55:18",13.68,14.06," "," ",13.72,14.56," "," "
"2017-12-04 06:55:22",13.62,14.06," "," ",13.72,14.62," "," "
"2017-12-04 07:55:26",13.62,14," "," ",13.72,14.56," "," "
"2017-12-04 08:55:29",13.68,14.06," "," ",13.72,14.56," "," "
"2017-12-04 09:55:32",13.56,14," "," ",13.72,14.56," "," "
"2017-12-04 10:55:36",13.5,14," "," ",13.66,14.5," "," "
"2017-12-04 11:55:40",13.56,14," "," ",13.72,14.56," "," "
"2017-12-04 12:55:43",13.56,14," "," ",13.66,14.5," "," "
"2017-12-04 13:55:47",13.62,14," "," ",13.78,14.62," "," "
"2017-12-04 14:55:50",13.56,14," "," ",13.66,14.5," "," "
"2017-12-04 15:55:54",13.56,14," "," ",13.72,14.56," "," "
"2017-12-04 16:55:58",13.5,13.93," "," ",13.66,14.5," "," "
"2017-12-04 17:18:09",13.25,13.81," "," ",13.6,14.5," "," "
"2017-12-04 18:18:13",11,12.31," "," ",12.28,13.5," "," "
"2017-12-04 19:18:16",10.87,12," "," ",12.03,13.12," "," "
"2017-12-04 20:18:19",11.37,12.5," "," ",12.28,13.5," "," "
"2017-12-04 21:18:23",12.43,13.06," "," ",12.85,13.75," "," "
"2017-12-04 22:18:27",12.43,13.37," "," ",13.1,14.18," "," "
"2017-12-04 23:18:30",11.25,12.5," "," ",12.28,13.5," "," "
"2017-12-05 00:18:33",12.87,13.18," "," ",13.03,13.75," "," "
"2017-12-05 01:18:38",13.56,13.81," "," ",13.6,14.37," "," "
"2017-12-05 02:18:41",13.68,13.87," "," ",13.6,14.37," "," "
"2017-12-05 03:18:45",13.68,13.93," "," ",13.66,14.5," "," "
"2017-12-05 04:18:48",13.68,14," "," ",13.78,14.62," "," "
"2017-12-05 05:18:51",13.68,13.93," "," ",13.78,14.56," "," "
"2017-12-05 06:18:54",13.75,14," "," ",13.78,14.62," "," "
"2017-12-05 07:18:59",13.68,14," "," ",13.78,14.68," "," "
"2017-12-05 08:19:02",13.68,13.93," "," ",13.72,14.62," "," "
"2017-12-05 09:19:05",13.68,14," "," ",13.78,14.75," "," "
"2017-12-05 09:32:26",13.62,14," "," ",13.72,14.62," "," "
"2017-12-05 10:32:30",13.75,14," "," ",13.78,14.75," "," "
"2017-12-05 11:32:33",13.68,14," "," ",13.72,14.62," "," "
"2017-12-05 12:32:37",13.75,14.06," "," ",13.78,14.75," "," "
"2017-12-05 13:32:41",13.62,14," "," ",13.72,14.62," "," "
"2017-12-05 14:32:44",13.68,14," "," ",13.78,14.75," "," "
"2017-12-05 15:10:00",13.62,14," "," ",13.78,14.81," "," "
"2017-12-05 16:10:05",13.62,14," "," ",13.72,14.68," "," "
"2017-12-05 17:10:07",13.37,13.93," "," ",13.72,14.68," "," "
"2017-12-05 18:10:11",13.06,13.56," "," ",13.41,14.37," "," "
"2017-12-05 19:10:15",12.37,13.31," "," ",13.03,14.18," "," "
"2017-12-05 19:53:08",12.75,13.37," "," ",13.16,14.18," "," "
"2017-12-05 19:54:08",12.75,13.37," "," ",13.16,14.18," "," "
"2017-12-05 20:27:26",13.25,13.75," "," ",13.47,14.37," "," "
"2017-12-05 20:28:25",13.25,13.75," "," ",13.47,14.37," "," "
"2017-12-05 21:28:29",13.56,14," "," ",13.66,14.56," "," "
"2017-12-05 22:28:33",13,13.75," "," ",13.41,14.37," "," "
"2017-12-05 23:28:36",13.25,13.81,10.25,10.25,13.41,14.37,11.63," "
"2017-12-06 00:28:39",13,13.75,10.25,10.18,13.41,14.37,11.63," "
"2017-12-06 01:28:43",13.5,13.87,10.18,10.18,13.53,14.37,11.63," "
"2017-12-06 02:28:46",13.75,14.06,10.18,10.18,13.72,14.62,11.63," "
"2017-12-06 03:28:50",13.81,14.06,10.25,10.18,13.78,14.68,11.63," "
"2017-12-06 04:28:54",13.81,14.12,10.18,10.18,13.78,14.68,11.63," "
"2017-12-06 05:28:57",13.87,14.12,10.25,10.18,13.85,14.75,11.63," "
"2017-12-06 06:29:01",13.81,14.12,10.18,10.18,13.78,14.62,11.63," "
"2017-12-06 07:29:05",13.87,14.18,10.25,10.18,13.85,14.75,11.63," "
"2017-12-06 08:29:08",13.87,14.12,10.25,10.25,13.85,14.75,11.63," "
"2017-12-06 09:29:12",13.87,14.12,10.25,10.25,13.78,14.68,11.63," "
"2017-12-06 10:29:15",13.87,14.18,10.25,10.25,13.91,14.81,11.63," "
"2017-12-06 11:29:18",13.87,14.18,10.25,10.25,13.85,14.68,11.63," "
"2017-12-06 12:08:22",13.87,14.12,10.25,10.25,13.85,14.68,11.63," "
"2017-12-06 13:08:25",13.93,14.18,10.25,10.25,13.91,14.75,11.63," "
"2017-12-06 14:08:29",13.87,14.18,10.31,10.31,13.91,14.81,11.63," "
"2017-12-06 15:08:33",13.87,14.12,10.31,10.31,13.85,14.75,11.63," "
"2017-12-06 16:08:36",13.93,14.18,10.31,10.31,13.91,14.81,11.63," "
"2017-12-06 17:08:39",13.68,14.12,10.31,10.31,13.85,14.75,11.76," "
"2017-12-06 18:08:43",13.56,14,10.87,10.31,13.66,14.5,12.88," "
"2017-12-06 18:17:56",13.56,14,10.37,10.31,13.72,14.5,12.88," "
"2017-12-06 18:18:56",13.56,14,10.37,10.31,13.72,14.5,12.88," "
"2017-12-06 19:19:00",13.68,14.06,10.18,10.31,13.72,14.43,12.76," "
"2017-12-06 19:48:15",13.93,14.18,10.25,10.31,13.85,14.62,12.51," "
"2017-12-06 20:48:19",13.93,14.37,10.25,10.37,14.03,14.81,11.57," "
"2017-12-06 21:11:40",13.68,14.18,10.25,10.31,13.78,14.68,11.51," "
"2017-12-06 22:11:44",13.75,14.31,10.06,10.18,13.91,14.81,11.45," "
"2017-12-06 23:11:47",14.25,14.5,10,10.06,14.16,15,11.32," "
"2017-12-07 00:11:51",14.25,14.62,9.93,10,14.28,15.18,11.26," "
"2017-12-07 01:11:54",14.37,14.56,9.87,9.93,14.28,15.12,11.2," "
"2017-12-07 02:11:57",14.18,14.37,9.81,9.87,14.1,14.87,11.13," "
"2017-12-07 02:19:42",14.18,14.37,9.81,9.81,14.03,14.87,11.13," "
"2017-12-07 03:19:45",14.06,14.31,9.81,9.81,13.97,14.75,11.07," "
"2017-12-07 04:19:49",14,14.18,9.75,9.75,13.91,14.68,11.07," "
"2017-12-07 05:19:53",13.93,14.18,9.68,9.68,13.85,14.62,11.07," "
"2017-12-07 06:19:56",13.93,14.18,9.75,9.68,13.85,14.68,11.01," "
"2017-12-07 07:20:00",13.93,14.18,9.68,9.68,13.91,14.75,11.01," "
"2017-12-07 07:46:07",13.87,14.12,9.68,9.62,13.85,14.68,11.01," "
"2017-12-07 08:46:11",13.81,14.12,9.62,9.62,13.78,14.62,10.95," "
"2017-12-07 09:46:15",13.81,14.12,9.62,9.62,13.85,14.68,10.95," "
"2017-12-07 09:50:13",13.81,14.06,9.62,9.62,13.78,14.62,10.95," "
"2017-12-07 10:50:17",13.81,14.12,9.62,9.62,13.78,14.68,10.95," "
"2017-12-07 11:50:19",13.81,14.12,9.62,9.56,13.85,14.75,10.95," "
"2017-12-07 12:24:34",13.87,14.12,9.62,9.56,13.91,14.81,10.95," "
"2017-12-07 13:24:37",13.81,14.12,9.62,9.56,13.78,14.62,10.95," "
"2017-12-07 14:24:41",13.81,14.12,9.56,9.56,13.85,14.75,10.95," "
"2017-12-07 15:24:44",13.75,14.06,9.62,9.56,13.85,14.75,10.88," "
"2017-12-07 16:24:48",13.75,14.06,9.62,9.56,13.78,14.68,10.88," "
"2017-12-07 17:24:52",13.56,14,9.56,10.12,13.72,14.68,10.88," "
"2017-12-07 18:24:56",12.37,13.06,9.56,9.37,12.91,13.87,10.88," "
"2017-12-07 19:24:58",12.62,13.31,9.56,9.37,12.97,13.93,10.88," "
"2017-12-07 20:09:16"," "," "," "," ",13.28,14.12," "," "
"2017-12-07 21:41:27",13.81,14.18,9.56,9.37,13.72,14.43,10.88," "
"2017-12-07 22:17:52"," "," ",9.56,9.37,13.6,14.43,10.82," "
"2017-12-07 22:49:36",13.06,13.68,9.56,9.43," "," ",10.88," "
"2017-12-07 22:52:21",13.12,13.68,9.56,9.43,13.35,14.18,10.88," "
"2017-12-07 23:52:25",13.37,13.81,9.56,9.5,13.41,14.18,10.88," "
"2017-12-08 00:52:29",13.87,14.12,9.56,9.43,13.72,14.5,10.88," "
"2017-12-08 01:52:33",13.87,14.12,9.56,9.5,13.72,14.5,10.88," "
"2017-12-08 02:52:37",13.93,14.12,9.56,9.5,13.78,14.62,10.88," "
"2017-12-08 03:52:40",13.87,14.12,9.56,9.56,13.78,14.68,10.88," "
"2017-12-08 04:52:44",13.87,14.12,9.56,9.5,13.72,14.62,10.88," "
"2017-12-08 05:52:47",13.87,14.12,9.56,9.5,13.78,14.68,10.88," "
"2017-12-08 06:52:51",13.81,14.12,9.56,9.5,13.78,14.68,10.88," "
"2017-12-08 07:52:54",13.81,14.12,9.56,9.5,13.72,14.68,10.88," "
"2017-12-08 08:34:36",13.81,14.06,9.5,9.5,13.72,14.62,10.88," "
"2017-12-08 09:34:39",13.87,14.12,9.5,9.5,13.78,14.75,10.88," "
"2017-12-08 10:34:43",13.87,14.12,9.5,9.5,13.78,14.68,10.88," "
"2017-12-08 11:34:46",13.81,14.12,9.5,9.56,13.78,14.68,10.88," "
"2017-12-08 12:34:50",13.81,14.12,9.56,9.5,13.78,14.68,10.88," "
"2017-12-08 13:34:53",13.81,14.12,9.5,9.5,13.78,14.68,10.88," "
"2017-12-08 15:35:02",13.87,14.12,9.5,9.5,13.78,14.68,10.88," "
"2017-12-08 16:35:04",13.81,14.12,9.5,9.5,13.78,14.62,10.88," "
"2017-12-08 17:11:16",13.62,14.06,9.5,9.5,13.72,14.62,10.88," "
"2017-12-08 17:13:16",13.43,14," "," ",13.66,14.62,10.88," "
"2017-12-08 17:22:44",13.37,13.87,9.56,9.56," "," "," "," "
"2017-12-08 17:28:26",13.31,13.87," "," ",13.43,14.56,10.88," "
"2017-12-08 17:29:10"," "," "," "," ",13.43,14.56," "," "
"2017-12-08 17:42:59",10,10,9.5,9.5,13.37,14.43,10.88," "
"2017-12-08 18:43:02",10,9.93,9.5,9.5,12.81,14.06,10.88," "
"2017-12-08 19:43:06",9.87,9.87,9.5,9.43,11.5,13,10.82," "
"2017-12-08 20:43:09",9.75,9.75,9.43,9.43,12.5,13.68,10.82," "
"2017-12-08 21:20:35",9.68,9.62," "," "," "," ",10.82," "
"2017-12-08 21:29:50",9.68,9.62,9.43,9.43,9.62,9.56,10.82," "
"2017-12-08 22:29:54",9.56,9.5,9.43,9.43,9.5,9.5,10.82," "
"2017-12-08 23:29:58",9.5,9.5,9.43,9.43,9.43,9.43,10.82," "
"2017-12-09 00:30:01",9.43,9.37,9.43,9.43,9.37,9.37,10.82," "
"2017-12-09 01:30:05",9.37,9.37,9.5,9.43,9.37,9.31,10.88," "
"2017-12-09 02:24:50",9.37,9.31,9.43,9.43,9.31,9.31,10.88," "
"2017-12-09 03:24:55",9.31,9.31,9.5,9.5,9.31,9.31,10.88," "
"2017-12-09 04:24:58",9.31,9.25,9.5,9.5,9.25,9.25,10.88," "
"2017-12-09 05:25:01",9.31,9.25,9.5,9.5,9.25,9.25,10.88," "
"2017-12-09 06:25:04",9.31,9.25,9.5,9.5,9.25,9.25,10.88," "
"2017-12-09 07:25:08",9.25,9.25,9.5,9.5,9.25,9.25,10.88," "
"2017-12-09 08:25:12",9.25,9.25,9.5,9.5,9.18,9.18,10.88," "
"2017-12-09 09:25:15",9.25,9.18,9.5,9.5,9.18,9.18,10.88," "
"2017-12-09 10:25:18",9.25,9.25,9.5,9.5,9.18,9.18,10.88," "
"2017-12-09 11:25:22",9.25,9.18,9.5,9.5,9.18,9.18,10.88," "
"2017-12-09 12:25:26",9.25,9.18,9.5,9.5,9.18,9.18,10.88," "
"2017-12-09 13:00:19",9.25,9.18,9.5,9.43,9.18,9.18,10.88," "
"2017-12-09 14:00:23",9.25,9.18,9.5,9.5,9.18,9.18,10.88," "
"2017-12-09 15:00:27",9.25,9.18,9.5,9.5,9.12,9.18,10.88," "
"2017-12-09 16:00:36",9.25,9.18,9.43,9.5,9.18,9.18,10.88," "
"2017-12-09 17:00:34",9.18,9.18,9.5,9.5,9.18,9.18,10.88," "
"2017-12-09 18:00:37",9.25,9.18,9.5,9.5,9.18,9.18,10.88," "
"2017-12-09 19:00:41",9.18,9.18,9.5,9.5,9.18,9.18,10.88," "
"2017-12-09 20:00:44",9.18,9.18,9.5,9.5,9.18,9.18,10.88," "
"2017-12-09 21:00:49",9.18,9.12,9.5,9.5,9.18,9.12,10.88," "
"2017-12-09 22:00:52",9.12,9.12,9.5,9.5,9.12,9.12,10.88," "
"2017-12-09 23:00:56",9,8.93,9.5,9.5,8.93,8.93,10.88," "
"2017-12-10 00:00:58",8.87,8.87,9.56,9.5,8.81,8.81,10.88," "
"2017-12-10 01:01:02",8.81,8.75,9.5,9.5,8.68,8.75,10.88," "
"2017-12-10 02:01:08",8.75,8.68,9.5,9.5,8.68,8.68,10.88," "
"2017-12-10 03:01:10",8.68,8.62,9.5,9.5,8.62,8.62,10.88," "
"2017-12-10 04:01:13",8.62,8.62,9.5,9.5,8.56,8.56,10.88," "
"2017-12-10 05:01:17",8.62,8.56,9.5,9.5,8.56,8.5,10.88," "
"2017-12-10 06:01:20",8.56,8.5,9.5,9.5,8.43,8.5,10.88," "
"2017-12-10 06:18:47",8.56,8.5,9.5,9.5,8.5,8.5,10.88," "
"2017-12-10 06:23:47",8.5,8.43,9.5,9.5,8.43,8.5,10.88," "
"2017-12-10 07:23:51",8.5,8.5,9.5,9.5,8.43,8.43,10.88," "
"2017-12-10 08:23:55",8.5,8.43,9.5,9.5,8.43,8.43,10.88," "
"2017-12-10 09:23:58",8.5,8.43,9.5,9.5,8.37,8.43,10.88," "
"2017-12-10 10:24:01",8.5,8.43,9.5,9.5,8.37,8.43,10.88," "
"2017-12-10 11:24:05",8.43,8.43,9.5,9.5,8.37,8.37,10.95," "
"2017-12-10 12:24:09",8.43,8.37,9.5,9.5,8.31,8.43,10.88," "
"2017-12-10 13:24:12",8.43,8.37,9.5,9.5,8.37,8.37,10.95," "
"2017-12-10 14:24:16",8.43,8.37,9.5,9.5,8.37,8.37,10.88," "
"2017-12-10 15:24:19",8.43,8.37,9.5,9.5,8.31,8.37,10.88," "
"2017-12-10 16:24:22",8.43,8.37,9.5,9.5,8.37,8.37,10.88," "
"2017-12-10 17:24:26",8.43,8.37,9.5,9.5,8.31,8.37,10.88," "
"2017-12-10 18:15:09",8.43,8.31,9.5,9.5,8.31,8.37,10.88," "
"2017-12-10 19:15:12",8.37,8.31,9.5,9.5,8.37,8.37,10.88," "
"2017-12-10 20:15:16",8.43,8.37,9.5,9.5,8.31,8.37,10.88," "
"2017-12-10 21:15:19",8.37,8.37,9.5,9.5,8.31,8.37,10.88," "
"2017-12-10 22:15:23",8.43,8.37,9.5,9.5,8.31,8.37,10.88," "
"2017-12-10 23:15:26",8.37,8.37,9.5,9.43,8.31,8.37,10.95," "
"2017-12-11 00:15:29",8.43,8.31,9.5,9.5,8.31,8.37,10.95," "
"2017-12-11 01:15:33",8.31,8.25,9.5,9.5,8.31,8.31,10.88," "
"2017-12-11 01:27:55",8.31,8.25,9.5,9.5,8.31,8.25,10.95," "
"2017-12-11 02:27:59",8.18,8.12,9.5,9.5,8.12,8.12,10.88," "
"2017-12-11 03:28:02",8.06,8,9.5,9.5,8,8,10.95," "
"2017-12-11 03:45:27",8.06,8,9.5,9.5,8.06,8,10.88," "
"2017-12-11 04:45:30",7.93,7.93,9.5,9.5,7.93,7.87,10.88," "
"2017-12-11 05:45:34",7.87,7.87,9.5,9.5,7.87,7.81,10.88," "
"2017-12-11 06:45:38",7.81,7.75,9.5,9.5,7.81,7.75,10.88," "
"2017-12-11 07:45:42",7.75,7.75,9.5,9.5,7.75,7.75,10.88," "
"2017-12-11 08:45:45",7.75,7.68,9.5,9.43,7.62,7.68,10.88," "
"2017-12-11 09:45:49",7.68,7.68,9.5,9.43,7.68,7.62,10.88," "
"2017-12-11 10:45:52",7.68,7.68,9.5,9.5,7.62,7.62,10.88," "
"2017-12-11 11:45:55",7.68,7.62,9.5,9.43,7.62,7.62,10.88," "
"2017-12-11 12:46:00",7.62,7.62,9.5,9.43,7.62,7.56,10.95," "
"2017-12-11 13:46:03",7.62,7.62,9.43,9.43,7.62,7.56,10.95," "
"2017-12-11 14:46:06",7.62,7.56,9.43,9.43,7.56,7.56,10.88," "
"2017-12-11 15:46:10",7.62,7.56,9.5,9.43,7.56,7.56,10.88," "
"2017-12-11 16:46:13",7.56,7.56,9.43,9.43,7.56,7.56,10.88," "
"2017-12-11 17:46:17",7.56,7.56,9.43,9.43,7.56,7.56,10.88," "
"2017-12-11 18:46:20",7.5,7.5,9.31,9.31,7.43,7.5,10.76," "
"2017-12-11 19:46:25",7.43,7.43,9.31,9.31,7.43,7.43,10.76," "
"2017-12-11 20:46:28",7.43,7.37,9.31,9.31,7.37,7.43,10.7," "
"2017-12-11 21:46:31",7.43,7.37,9.31,9.31,7.37,7.43,10.76," "
"2017-12-11 22:46:35",7.43,7.43,9.31,9.31,7.37,7.43,10.76," "
"2017-12-12 00:38:18",7.5,7.5,9.37,9.31,7.5,7.5,10.82,10.62
"2017-12-12 01:43:41",7.56,7.5,9.43,9.37,7.5,7.5,10.88,10.62
"2017-12-12 02:43:45",7.56,7.56,9.43,9.37,7.5,7.56,10.88,10.62
"2017-12-12 03:43:48",7.56,7.56,9.43,9.37,7.5,7.56,10.88,10.62
"2017-12-12 04:43:52",7.62,7.56,9.43,9.43,7.56,7.56,10.88,10.68
"2017-12-12 05:43:55",7.56,7.56,9.43,9.43,7.56,7.56,10.95,10.68
"2017-12-12 06:43:59",7.56,7.56,9.43,9.43,7.56,7.56,10.95,10.68
"2017-12-12 07:44:02",7.62,7.56,9.5,9.43,7.5,7.56,10.88,10.62
"2017-12-12 08:44:06",7.62,7.56,9.43,9.43,7.56,7.56,10.88,10.68
"2017-12-12 09:44:09",7.56,7.56,9.43,9.43,7.56,7.56,10.95,10.68
"2017-12-12 10:44:13",7.56,7.56,9.43,9.43,7.56,7.5,10.88,10.68
"2017-12-12 11:44:17",7.56,7.56,9.43,9.43,7.5,7.5,10.88,10.62
"2017-12-12 12:44:21",7.56,7.56,9.43,9.43,7.5,7.56,10.95,10.68
"2017-12-12 13:44:23",7.56,7.5,9.43,9.37,7.62,7.5,10.88,10.62
"2017-12-12 14:44:28",7.56,7.56,9.43,9.37,7.5,7.5,10.88,10.62
"2017-12-12 15:44:31",7.56,7.56,9.43,9.37,7.5,7.5,10.88,10.62
"2017-12-12 16:44:34",7.56,7.5,9.43,9.37,7.5,7.5,10.88,10.68
"2017-12-12 17:44:39",7.56,7.56,9.43,9.37,7.43,7.5,10.88,10.62
"2017-12-12 18:44:43",7.56,7.5,9.43,9.37,7.5,7.5,10.88,10.62
"2017-12-12 19:25:49",7.56,7.5,9.43,9.37,7.5,7.5,10.88,10.62
"2017-12-12 20:25:52",12.43,10.12,12.31,9.43,7.5,7.5,10.88,10.62
"2017-12-12 21:25:56",11.37,8.12,11.87,9.37,7.25,7.5,10.76,10.62
"2017-12-12 22:26:00",10.37,7.93,11.37,9.37,7.18,7.5,10.76,10.62
"2017-12-12 23:26:03",9.06,7.68,9.62,9.37,7.31,7.5,10.76,10.62
"2017-12-13 00:26:08",7.43,7.68,9.31,9.43,7.37,7.56,10.76,10.62
"2017-12-13 01:23:22",7.37,7.68,9.37,9.43,7.37,7.56,10.82,10.62
"2017-12-13 02:23:26",7.43,7.68,9.37,9.43,7.5,7.56,10.82,10.62
"2017-12-13 03:23:29",7.5,7.68,9.43,9.43,7.5,7.56,10.88,10.68
"2017-12-13 04:23:34",7.5,7.68,9.43,9.43,7.5,7.56,10.88,10.68
"2017-12-13 05:23:36",7.5,7.68,9.43,9.43,7.5,7.56,10.88,10.68
"2017-12-13 06:23:40",7.5,7.68,9.43,9.43,7.56,7.56,10.95,10.68
"2017-12-13 07:23:45",7.5,7.68,9.43,9.43,7.56,7.56,10.95,10.68
"2017-12-13 07:37:08",7.5,7.68,9.43,9.43,7.62,7.56,10.95,10.68
"2017-12-13 08:37:11",7.5,7.68,9.43,9.43,7.56,7.56,10.95,10.68
"2017-12-13 09:37:14",7.5,7.62,9.43,9.43,7.56,7.56,10.95,10.68
"2017-12-13 10:09:24",7.5,7.68,9.43,9.37,7.62,7.56,11.01,10.68
"2017-12-13 11:01:52",7.56,7.68,9.43,9.43,7.56,7.56,10.95,10.68
"2017-12-13 12:01:55",7.56,7.68,9.43,9.37,7.62,7.56,10.95,10.68
"2017-12-13 13:01:59",7.5,7.62,9.43,9.37,7.56,7.56,11.01,10.68
"2017-12-13 13:59:37",7.5,7.62,9.43,9.37,7.56,7.56,11.01,10.68
"2017-12-13 14:59:40",7.56,7.68,9.43,9.37,7.62,7.56,10.95,10.68
"2017-12-13 15:59:44",7.5,7.62,9.43,9.37,7.62,7.56,10.95,10.68
"2017-12-13 16:59:48",7.5,8.87,9.43,9.37,7.56,7.56,10.95,10.68
"2017-12-13 17:59:51",7.56,11,9.43,9.31,7.62,10.31,11.01,10.5
"2017-12-13 18:59:54",7.56,10.5,9.43,9.12,7.62,9.68,11.01,10.43
"2017-12-13 19:59:58",7.56,9.75,9.43,9.18,7.62,7.75,10.95,10.5
"2017-12-13 21:00:02",7.56,7.31,9.43,9.18,7.62,7.37,10.95,10.5
"2017-12-13 22:00:05",7.62,7.31,9.43,9.25,7.62,7.37,11.01,10.56
"2017-12-13 23:00:09",7.62,7.37,9.5,9.25,7.62,7.5,11.01,10.56
"2017-12-14 00:00:12",7.68,7.43,9.5,9.31,7.68,7.56,11.01,10.62
"2017-12-14 01:00:16",7.68,7.43,9.5,9.31,7.68,7.56,11.07,10.62
"2017-12-14 02:00:19",7.68,7.43,9.5,9.37,7.68,7.56,11.07,10.68
"2017-12-14 03:00:23",7.68,7.5,9.5,9.37,7.68,7.56,11.07,10.68
"2017-12-14 04:00:27",7.68,7.5,9.5,9.37,7.68,7.62,11.07,10.68
"2017-12-14 05:00:30",7.68,7.5,9.5,9.37,7.68,7.62,11.07,10.68
"2017-12-14 06:00:33",7.68,7.56,9.5,9.37,7.68,7.62,11.07,10.68
"2017-12-14 07:00:37",7.62,7.5,9.5,9.37,7.68,7.62,11.07,10.68
"2017-12-14 08:00:40",7.62,7.5,9.43,9.37,7.68,7.62,11.07,10.75
"2017-12-14 09:00:44",7.62,7.5,9.43,9.37,7.62,7.62,11.01,10.68
"2017-12-14 10:00:48",7.62,7.5,9.43,9.37,7.68,7.62,11.01,10.68
"2017-12-14 11:00:51",7.62,7.5,9.43,9.37,7.56,7.62,11.01,10.68
"2017-12-14 12:00:55",7.56,7.5,9.43,9.31,7.68,7.56,11.01,10.68
"2017-12-14 13:00:58",7.56,7.5,9.43,9.37,7.62,7.56,11.01,10.68
"2017-12-14 14:01:02",7.62,7.5,9.43,9.31,7.62,7.56,11.01,10.68
"2017-12-14 14:23:09",7.56,7.5,9.43,9.31,7.62,7.56,11.01,10.68
"2017-12-14 15:23:13",7.56,7.5,9.43,9.31,7.62,7.56,11.01,10.68
"2017-12-14 16:23:16",7.56,7.43,9.37,9.31,7.62,7.56,11.01,10.68
"2017-12-14 17:23:20",7.5,7.43,9.37,9.31,7.5,7.5,10.95,10.68
"2017-12-14 18:23:23",7.31,7.25,9.37,9.31,7.37,7.31,10.95,10.62
"2017-12-14 19:23:26",7.18,7.12,9.37,9.25,7.25,7.18,10.95,10.62
"2017-12-14 20:23:31",7.06,7,9.37,9.25,7.12,7.06,10.95,10.62
"2017-12-14 21:23:34",7,6.93,9.31,9.25,7.06,7,10.95,10.62
"2017-12-14 22:23:38",6.87,6.81,9.31,9.25,6.93,6.87,10.88,10.56
"2017-12-14 23:23:41",6.87,6.81,9.31,9.18,6.87,6.81,10.88,10.56
"2017-12-15 00:23:45",6.75,6.62,9.31,9.25,6.87,6.81,10.88,10.56
"2017-12-15 01:23:49",6.81,6.68,9.31,9.18,6.87,6.75,10.88,10.56
"2017-12-15 02:23:52",6.75,6.68,9.31,9.25,6.81,6.75,10.88,10.56
"2017-12-15 03:23:56",6.75,6.62,9.31,9.25,6.81,6.75,10.95,10.62
"2017-12-15 04:23:58",6.75,6.62,9.31,9.25,6.81,6.75,10.95,10.62
"2017-12-15 05:24:02",6.75,6.62,9.31,9.25,6.81,6.68,10.95,10.62
"2017-12-15 06:24:06",6.68,6.62,9.31,9.25,6.75,6.75,10.88,10.62
"2017-12-15 07:24:09",6.68,6.62,9.37,9.25,6.75,6.68,10.88,10.62
"2017-12-15 08:24:13",6.68,6.56,9.31,9.25,6.75,6.68,10.95,10.62
"2017-12-15 09:24:17",6.68,6.56,9.31,9.25,6.75,6.75,10.88,10.62
"2017-12-15 10:24:20",6.68,6.56,9.31,9.25,6.75,6.68,10.88,10.62
"2017-12-15 11:24:24",6.68,6.56,9.31,9.25,6.75,6.68,10.95,10.62
"2017-12-15 12:24:27",6.68,6.62,9.31,9.25,6.75,6.68,10.95,10.62
"2017-12-15 13:24:31",6.68,6.56,9.31,9.25,6.75,6.68,10.95,10.68
"2017-12-15 14:24:35",6.68,6.56,9.31,9.25,6.75,6.68,10.95,10.68
"2017-12-15 15:24:38",6.68,6.56,9.31,9.25,6.75,6.68,10.95,10.62
"2017-12-15 16:24:41",6.68,6.56,9.31,9.25,6.75,6.68,10.95,10.68
"2017-12-15 17:24:45",6.68,6.56,9.31,9.25,6.75,6.68,10.95,10.62
"2017-12-15 18:24:49",6.68,6.62,9.31,9.25,6.75,6.68,10.95,10.68
"2017-12-15 19:24:53",6.68,6.56,9.31,9.25,6.68,6.62,10.95,10.62
"2017-12-15 19:31:09",6.68,6.56,9.31,9.25,6.68,6.62,10.88,10.62
"2017-12-15 20:31:13",6.68,6.56,9.31,9.25,6.68,6.62,10.88,10.62
"2017-12-15 21:31:16",6.68,6.62,9.31,9.18,6.68,6.62,10.88,10.62
"2017-12-15 22:31:19",6.68,6.56,9.31,9.18,6.68,6.62,10.88,10.56
"2017-12-15 23:31:23",6.68,6.62,9.31,9.25,6.68,6.62,10.88,10.56
"2017-12-16 00:31:27",6.68,6.62,9.31,9.25,6.68,6.56,10.88,10.56
"2017-12-16 01:31:30",6.68,6.62,9.31,9.18,6.62,6.56,10.88,10.62
"2017-12-16 02:31:33",6.75,6.68,9.31,9.25,6.68,6.62,10.88,10.62
"2017-12-16 03:31:37",6.68,6.56,9.31,9.25,6.68,6.62,10.95,10.62
"2017-12-16 04:31:41",6.68,6.62,9.31,9.25,6.68,6.62,10.95,10.68
"2017-12-16 05:31:44",6.75,6.68,9.31,9.25,6.62,6.62,10.95,10.68
"2017-12-16 06:31:48",6.75,6.62,9.31,9.25,6.68,6.62,10.95,10.68
"2017-12-16 07:31:51",6.68,6.62,9.31,9.25,6.68,6.62,10.95,10.68
"2017-12-16 08:31:55",6.68,6.62,9.31,9.25,6.62,6.62,10.95,10.68
"2017-12-16 09:31:58",6.75,6.68,9.31,9.25,6.68,6.62,10.95,10.68
"2017-12-16 10:32:02",6.75,6.62,9.31,9.25,6.68,6.62,10.95,10.68
"2017-12-16 11:32:06",6.68,6.62,9.31,9.25,6.62,6.62,10.95,10.68
"2017-12-16 12:32:09",6.68,6.62,9.31,9.25,6.68,6.62,10.95,10.68
"2017-12-16 13:32:13",6.68,6.62,9.31,9.25,6.68,6.62,10.95,10.68
"2017-12-16 14:32:16",6.75,6.62,9.31,9.25,6.62,6.62,10.95,10.68
"2017-12-16 15:32:20",6.68,6.62,9.31,9.25,6.62,6.62,10.95,10.68
"2017-12-16 16:32:23",6.68,6.68,9.31,9.25,6.62,6.62,11.01,10.68
"2017-12-16 17:32:27",6.68,6.62,9.31,9.25,6.62,6.62,10.95,10.68
"2017-12-16 17:50:46",6.68,6.62,9.31,9.25,6.62,6.62,10.95,10.68
"2017-12-16 18:50:50",6.68,6.68,9.31,9.25,6.62,6.62,10.95,10.75
"2017-12-16 19:50:53",6.68,6.62,9.31,9.25,6.62,6.62,10.95,10.75
"2017-12-16 19:58:38",6.68,6.68,9.31,9.25,6.62,6.62,10.95,10.68
"2017-12-16 20:58:42",6.68,6.68,9.31,9.18,6.68,6.62,10.95,10.68
"2017-12-16 21:58:45",6.68,6.68,9.31,9.25,6.68,6.62,10.95,10.75
"2017-12-16 22:58:49",6.68,6.62,9.31,9.25,6.68,6.62,11.01,10.75
"2017-12-16 23:58:53",6.75,6.62,9.31,9.18,6.68,6.62,10.95,10.75
"2017-12-17 00:58:57",6.75,6.62,9.31,9.25,6.68,6.62,10.95,10.68
"2017-12-17 01:59:00",6.68,6.62,9.31,9.18,6.68,6.62,11.01,10.75
"2017-12-17 02:07:27",6.68,6.62,9.31,9.25,6.68,6.62,11.01,10.75
"2017-12-17 02:08:27",6.75,6.62,9.31,9.25,6.68,6.62,11.01,10.68
"2017-12-17 03:08:31",6.68,6.68,9.31,9.25,6.68,6.62,10.95,10.68
"2017-12-17 04:08:34",6.68,6.62,9.31,9.18,6.68,6.62,11.01,10.68
"2017-12-17 05:08:38",6.75,6.62,9.31,9.25,6.68,6.62,10.95,10.68
"2017-12-17 06:08:42",6.68,6.62,9.31,9.18,6.62,6.62,11.01,10.75
"2017-12-17 07:08:45",6.68,6.62,9.31,9.18,6.68,6.62,10.95,10.68
"2017-12-17 08:08:48",6.75,6.62,9.31,9.18,6.68,6.62,11.01,10.75
"2017-12-17 09:08:52",6.75,6.62,9.31,9.18,6.68,6.62,10.95,10.75
"2017-12-17 09:30:15",6.68,6.62,9.31,9.25,6.68,6.62,11.01,10.68
"2017-12-17 10:30:19",6.75,6.62,9.25,9.18,6.68,6.62,10.95,10.68
"2017-12-17 11:30:22",6.68,6.62,9.31,9.18,6.68,6.62,11.01,10.68
"2017-12-17 12:30:25",6.68,6.62,9.31,9.18,6.68,6.68,10.95,10.68
"2017-12-17 13:30:30",6.68,6.68,9.31,9.18,6.68,6.62,10.95,10.68
"2017-12-17 14:30:33",6.75,6.68,9.25,9.18,6.62,6.62,10.95,10.68
"2017-12-17 15:30:36",6.68,6.62,9.25,9.18,6.62,6.62,10.95,10.68
"2017-12-17 16:30:40",6.75,6.68,9.25,9.18,6.68,6.62,10.95,10.68
"2017-12-17 17:30:43",6.75,6.62,9.25,9.18,6.68,6.62,10.95,10.68
"2017-12-17 18:30:47",6.68,6.68,9.31,9.18,6.68,6.62,11.01,10.68
"2017-12-17 19:30:50",6.75,6.68,9.25,9.18,6.68,6.62,10.95,10.68
"2017-12-17 20:30:55",6.68,6.68,9.25,9.18,6.68,6.62,10.95,10.68
"2017-12-17 21:30:58",6.75,6.62,9.31,9.18,6.68,6.68,11.01,10.68
"2017-12-17 22:31:02",6.75,6.68,9.31,9.18,6.68,6.62,10.95,10.75
"2017-12-17 23:30:26",6.75,6.68,9.31,9.25,6.68,6.68,10.95,10.68
"2017-12-18 00:30:30",6.75,6.68,9.31,9.18,6.68,6.68,10.95,10.75
"2017-12-18 01:30:33",6.75,6.68,9.25,9.18,6.68,6.68,11.01,10.68
"2017-12-18 02:30:36",6.75,6.68,9.25,9.18,6.68,6.68,10.95,10.68
"2017-12-18 03:24:24",6.75,6.68,9.31,9.18,6.68,6.68,10.95,10.68
"2017-12-18 04:24:28",6.75,6.68,9.25,9.18,6.68,6.68,10.95,10.68
"2017-12-18 05:24:31",6.75,6.68,9.25,9.18,6.68,6.68,10.95,10.68
"2017-12-18 05:58:01",6.75,6.68,9.25,9.18,6.68,6.68,10.95,10.68
"2017-12-18 05:59:01",6.75,6.68,9.25,9.18,6.68,6.62,10.95,10.68
"2017-12-18 06:59:04",6.75,6.68,9.25,9.18,6.68,6.68,10.95,10.68
"2017-12-18 07:59:08",6.75,6.68,9.25,9.18,6.68,6.62,11.01,10.68
"2017-12-18 08:59:12",6.75,6.68,9.25,9.18,6.68,6.68,10.95,10.68
"2017-12-18 09:59:15",6.75,6.68,9.25,9.18,6.68,6.68,10.95,10.68
"2017-12-18 10:59:18",6.75,6.75,9.25,9.18,6.68,6.68,10.95,10.68
"2017-12-18 11:59:22",6.75,6.68,9.25,9.18,6.68,6.68,10.95,10.68
"2017-12-18 12:59:26",6.81,6.68,9.25,9.18,6.68,6.68,10.95,10.68
"2017-12-18 13:02:36",6.75,6.75,9.25,9.18,6.68,6.68,11.01,10.68
"2017-12-18 14:02:40",6.75,6.68,9.31,9.18,6.68,6.68,10.95,10.68
"2017-12-18 15:02:43",6.75,6.68,9.25,9.18,6.68,6.68,10.95,10.75
"2017-12-18 16:02:46",6.75,6.75,9.31,9.18,6.68,6.68,11.01,10.75
"2017-12-18 16:50:32",6.81,6.75,9.25,9.18,6.68,6.68,11.01,10.75
"2017-12-18 17:50:35",6.81,6.75,9.37,9.31,6.75,6.75,11.01,10.68
"2017-12-18 18:50:38",6.87,6.81,9.56,9.5,6.75,6.68,11.01,10.75
"2017-12-18 19:50:42",6.87,6.81,9.68,9.56,6.75,6.75,11.01,10.75
"2017-12-18 20:50:45",6.93,6.81,9.75,9.68,6.81,6.75,11.01,10.75
"2017-12-18 21:50:49",7,6.87,9.87,9.81,6.81,6.81,11.07,10.81
"2017-12-18 22:50:53",7,6.93,9.93,9.87,6.81,6.81,11.13,10.87
"2017-12-18 23:50:57",7,6.93,10,9.93,6.81,6.81,11.2,10.93
"2017-12-19 00:51:00",7,6.93,10.06,10,6.81,6.81,11.2,10.93
"2017-12-19 01:51:03",7,6.93,10.06,10,6.81,6.81,11.2,10.93
"2017-12-19 02:51:07",7,6.93,10.06,10,6.81,6.81,11.26,11
"2017-12-19 03:51:12",7,6.93,10.12,10.06,6.75,6.81,11.2,10.93
"2017-12-19 04:51:13",7,6.93,10.12,10.06,6.75,6.75,11.2,11
"2017-12-19 05:51:17",6.93,6.93,10.06,10.06,6.75,6.75,11.13,10.93
"2017-12-19 06:51:21",6.93,6.93,10.06,10.06,6.75,6.81,11.13,10.87
"2017-12-19 07:51:24",6.93,6.87,10.06,10.06,6.75,6.75,11.07,10.81
"2017-12-19 08:51:28",6.87,6.81,10.06,10,6.68,6.75,11.01,10.81
"2017-12-19 09:25:33",6.87,6.81,10.06,10,6.68,6.75,11.01,10.81
"2017-12-19 10:25:37",6.81,6.81,10.06,10,6.68,6.68,10.95,10.75
"2017-12-19 11:25:40",6.81,6.75,10.06,10,6.68,6.68,10.95,10.75
"2017-12-19 12:25:44",6.81,6.68,10,10,6.68,6.68,10.95,10.68
"2017-12-19 12:33:19",6.81,6.68,10,10,6.68,6.68,10.95,10.68
"2017-12-19 13:33:23",6.81,6.75,10,10,6.68,6.68,10.88,10.68
"2017-12-19 14:33:27",6.75,6.75,10,10,6.62,6.68,10.88,10.68
"2017-12-19 15:33:30",6.75,6.68,10,9.93,6.62,6.62,10.88,10.68
"2017-12-19 15:44:40",6.75,6.68,10,9.93,6.62,6.68,10.88,10.68
"2017-12-19 16:44:44",6.75,6.68,10,9.93,6.62,6.68,10.88,10.62
"2017-12-19 17:44:48",6.75,6.68,10,10,6.62,6.62,10.88,10.62
"2017-12-19 18:44:51",6.75,6.62,10,9.93,6.62,6.62,10.88,10.62
"2017-12-19 19:44:54",10.56,6.68,11.75,9.93,12.43,6.68,11.76,10.62
"2017-12-19 20:44:58",10.62,6.68,10.37,9.93,6.62,6.62,10.7,10.62
"2017-12-19 21:45:02",9.93,6.68,10.18,9.93,6.43,6.62,10.63,10.62
"2017-12-19 22:45:05",8.81,6.68,10.18,9.93,6.43,6.62,10.63,10.56
"2017-12-19 23:45:09",6.43,6.68,10.06,9.93,6.37,6.62,10.63,10.56
"2017-12-19 23:55:06",6.43,6.68,10.06,9.93,6.37,6.62,10.63,10.56
"2017-12-20 00:55:09",6.5,6.62,10,9.87,6.43,6.62,10.7,10.56
"2017-12-20 01:55:13",6.5,6.68,10,9.93,6.43,6.62,10.7,10.56
"2017-12-20 02:55:16",6.56,6.68,10,9.93,6.5,6.62,10.7,10.56
"2017-12-20 03:55:19",6.56,6.68,10,9.93,6.5,6.62,10.76,10.56
"2017-12-20 04:55:23",6.56,6.68,10,9.93,6.5,6.62,10.76,10.56
"2017-12-20 05:55:26",6.56,6.68,10,9.93,6.56,6.62,10.76,10.56
"2017-12-20 06:55:29",6.56,6.68,10,9.93,6.56,6.62,10.82,10.56
"2017-12-20 07:55:33",6.56,6.62,10,9.93,6.56,6.62,10.76,10.62
"2017-12-20 08:55:37",6.62,6.68,10,9.93,6.56,6.62,10.82,10.56
"2017-12-20 09:55:40",6.62,6.62,10,9.93,6.56,6.62,10.82,10.62
"2017-12-20 10:55:44",6.62,6.68,10,9.93,6.56,6.62,10.82,10.62
"2017-12-20 11:55:47",6.62,6.68,10,9.93,6.56,6.62,10.82,10.62
"2017-12-20 12:04:46",6.62,6.62,10,9.93,6.56,6.62,10.82,10.62
"2017-12-20 13:04:49",6.62,6.68,10,9.93,6.56,6.62,10.82,10.62
"2017-12-20 14:04:52",6.62,6.62,10,9.93,6.62,6.62,10.82,10.62
"2017-12-20 15:04:56",6.62,6.62,9.93,9.93,6.56,6.62,10.82,10.62
"2017-12-20 16:05:00",6.56,6.62,10,9.93,6.56,6.56,10.82,10.62
"2017-12-20 17:05:04",6.62,6.68,10,9.93,6.56,6.62,10.82,10.62
"2017-12-20 18:05:07",6.81,6.75,10.06,10,6.75,6.81,10.88,10.68
"2017-12-20 19:05:11",6.81,11.62,10.06,11.18,6.87,9.25,10.95,10.87
"2017-12-20 20:05:16",6.81,11.12,10.06,9.87,6.87,9.87,11.01,10.81
"2017-12-20 21:05:18",6.81,11.37,10.06,9.87,6.87,9.31,11.07,10.81
"2017-12-20 22:05:21",6.75,10.81,10.06,9.81,6.93,6.93,11.13,10.87
"2017-12-20 23:05:24",6.81,10.31,10.06,9.93,7,7.18,11.2,10.93
"2017-12-21 00:05:28",6.87,6.93,10.06,9.93,7,6.93,11.26,10.93
"2017-12-21 00:59:25",6.87,6.81,10.12,10,7.06,6.93,11.32,11
"2017-12-21 01:07:22",6.87,6.81,10.12,10,7.06,6.93,11.32,11
"2017-12-21 02:07:27",6.81,6.56,10.06,10,7.06,7,11.32,11.06
"2017-12-21 03:07:30",6.81,6.62,10.12,10.06,7.06,7,11.38,11.06
"2017-12-21 04:07:34",6.81,6.56,10.12,10.06,7.12,7,11.38,11.06
"2017-12-21 05:07:37",6.81,6.62,10.12,10.06,7.12,7,11.32,11.06
"2017-12-21 06:07:40",6.81,6.56,10.12,10.06,7.06,7,11.32,11.06
"2017-12-21 07:07:44",6.75,6.62,10.06,10.06,7.06,7,11.32,11.06
"2017-12-21 08:07:48",6.75,6.62,10.06,10.06,7,7,11.32,11.06
"2017-12-21 09:07:52",6.75,6.62,10.06,10.06,7,7,11.32,11.06
"2017-12-21 10:07:55",6.68,6.56,10.06,10.06,7,7,11.26,11.06
"2017-12-21 11:07:59",6.75,6.56,10.06,10.06,7,7,11.26,11.06
"2017-12-21 11:50:36",6.75,6.56,10.06,10.06,7,7,11.32,11.06
"2017-12-21 12:50:38",6.68,6.56,10.06,10.06,7,7,11.26,11.06
"2017-12-21 13:50:41",6.68,6.56,10,10.06,7,7,11.26,11.06
"2017-12-21 14:50:46",6.68,6.56,10.06,10,6.93,7,11.32,11.06
"2017-12-21 15:50:49",6.68,6.62,10,10,6.93,6.93,11.26,11.06
"2017-12-21 16:50:53",6.68,6.56,10,10,6.93,6.93,11.32,11.06
"2017-12-21 17:12:05",6.68,6.56,10,10,6.93,7,11.26,11.06
"2017-12-21 17:13:04",6.68,6.56,10.06,10.06,6.93,6.93,11.32,11.06
"2017-12-21 18:13:09",6.68,6.62,10,10,7,7,11.26,11.06
"2017-12-21 19:13:12",6.68,6.62,10,10.06,7.06,7.06,11.26,11.06
"2017-12-21 20:13:16",6.68,6.62,10,10,7.06,7.06,11.26,11
"2017-12-21 21:13:19",6.68,6.62,10.06,10,7.12,7.06,11.26,11
"2017-12-21 22:13:23",6.75,6.62,10.06,10,7.18,7.12,11.26,11
"2017-12-21 23:13:26",6.75,6.62,10.06,10,7.12,7.12,11.32,11
"2017-12-22 00:13:30",6.75,6.68,10.06,10.06,7.12,7.06,11.32,10.93
"2017-12-22 01:13:33",6.75,6.62,10.06,10,7.12,7.06,11.26,10.93
"2017-12-22 01:16:32",6.75,6.62,10.06,10,7.06,7,11.26,10.93
"2017-12-22 01:22:35",6.75,6.68,10.06,10,7.06,7,11.26,10.93
"2017-12-22 01:23:35",6.75,6.68,10.06,10.06,7.06,7,11.26,10.93
"2017-12-22 02:23:39",6.81,6.68,10.06,10,7.06,7,11.2,10.93
"2017-12-22 03:23:42",6.81,6.68,10.06,10.06,7.06,7,11.13,10.93
"2017-12-22 04:23:45",6.81,6.68,10.06,10.06,7,7,11.07,10.93
"2017-12-22 05:23:49",6.81,6.68,10.06,10.06,7,6.93,11.01,10.93
"2017-12-22 06:23:53",6.75,6.68,10.06,10.06,7,6.93,10.95,10.93
"2017-12-22 07:23:56",6.81,6.62,10.06,10,7,6.93,10.95,10.87
"2017-12-22 08:23:59",6.81,6.68,10,10.06,7,6.93,10.88,10.87
"2017-12-22 09:24:03",6.81,6.68,10.06,10,6.93,6.93,10.88,10.87
"2017-12-22 10:24:06",6.81,6.62,10.06,10,7,6.93,10.82,10.87
"2017-12-22 11:24:10",6.81,6.68,10,10,6.93,6.93,10.82,10.87
"2017-12-22 12:24:14",6.75,6.68,10,10,6.93,6.93,10.82,10.87
"2017-12-22 13:24:17",6.75,6.62,10,10,6.87,6.87,10.95,10.81
"2017-12-22 14:24:21",6.75,6.62,10,10,6.81,6.81,10.88,10.81
"2017-12-22 15:24:25",6.75,6.62,10,10,6.81,6.75,10.88,10.75
"2017-12-22 16:24:27",6.68,6.62,10,10,6.75,6.75,10.82,10.75
"2017-12-22 17:24:32",6.68,6.62,10,9.93,6.75,6.68,10.7,10.68
"2017-12-22 18:24:35",6.75,6.62,10,10,6.75,6.68,10.57,10.68
"2017-12-22 19:24:39",6.75,6.62,10,10,6.81,6.81,10.63,10.68
"2017-12-22 20:24:43",6.81,6.62,10.06,10,6.93,6.87,10.7,10.68
"2017-12-22 21:24:46",6.81,6.68,10.06,10,6.93,6.93,10.7,10.62
"2017-12-22 21:28:15",6.81,6.68,10.06,10,6.93,6.93,10.7,10.62
"2017-12-22 22:28:19",6.81,6.68,10.06,10.06,7,6.93,10.7,10.62
"2017-12-22 23:28:22",6.81,6.68,10.06,10.06,7.06,6.93,10.7,10.56
"2017-12-23 00:28:26",6.81,6.68,10.06,10.06,7,6.93,10.76,10.56
"2017-12-23 01:28:29",6.81,6.62,10.06,10,6.93,6.93,10.76,10.56
"2017-12-23 02:28:33",6.81,6.68,10,10,7,6.87,10.76,10.56
"2017-12-23 03:28:36",6.75,6.62,10,10,6.93,6.87,10.76,10.5
"2017-12-23 04:28:40",6.75,6.62,10,10,6.93,6.87,10.7,10.5
"2017-12-23 05:28:44",6.75,6.56,10,10,6.87,6.87,10.7,10.43
"2017-12-23 05:29:43",6.75,6.62,10,10,6.87,6.87,10.7,10.5
"2017-12-23 06:29:47",6.68,6.56,10,9.93,6.87,6.81,10.7,10.5
"2017-12-23 07:29:51",6.75,6.56,10,10,6.87,6.81,10.7,10.43
"2017-12-23 08:29:54",6.75,6.56,10,10,6.87,6.81,10.7,10.43
"2017-12-23 09:29:58",6.68,6.56,9.93,9.93,6.81,6.81,10.7,10.43
"2017-12-23 10:30:01",6.68,6.5,9.93,9.93,6.81,6.81,10.7,10.37
"2017-12-23 11:30:04",6.62,6.56,9.93,9.93,6.81,6.81,10.7,10.37
"2017-12-23 12:30:09",6.68,6.5,9.93,9.93,6.81,6.81,10.63,10.37
"2017-12-23 13:30:12",6.68,6.5,9.93,9.93,6.81,6.81,10.63,10.37
"2017-12-23 14:30:16",6.68,6.5,9.93,9.93,6.81,6.81,10.63,10.37
"2017-12-23 15:30:19",6.68,6.5,9.87,9.93,6.81,6.75,10.63,10.31
"2017-12-23 16:30:23",6.62,6.56,9.87,9.93,6.81,6.75,10.63,10.31
"2017-12-23 17:30:26",6.62,6.5,9.87,9.93,6.81,6.81,10.63,10.37
"2017-12-23 18:30:30",6.62,6.5,9.87,9.87,6.81,6.75,10.63,10.37
"2017-12-23 19:30:33",6.62,6.5,9.87,9.93,6.75,6.75,10.63,10.31
"2017-12-23 20:30:37",6.62,6.5,9.87,9.87,6.81,6.75,10.63,10.31
"2017-12-23 21:17:56",6.62,6.5,9.87,9.93,6.81,6.75,10.63,10.31
"2017-12-23 22:18:00",6.62,6.5,9.87,9.93,6.75,6.75,10.63,10.31
"2017-12-23 23:18:04",6.62,6.5,9.87,9.87,6.81,6.75,10.57,10.31
"2017-12-24 00:18:08",6.62,6.5,9.87,9.87,6.81,6.75,10.63,10.31
"2017-12-24 01:18:11",6.62,6.5,9.87,9.93,6.81,6.75,10.57,10.31
"2017-12-24 02:18:15",6.62,6.5,9.87,9.87,6.75,6.75,10.63,10.31
"2017-12-24 03:18:18",6.68,6.43,9.87,9.93,6.75,6.75,10.63,10.31
"2017-12-24 04:18:22",6.62,6.5,9.87,9.87,6.75,6.75,10.57,10.31
"2017-12-24 05:18:25",6.62,6.5,9.87,9.87,6.75,6.75,10.63,10.31
"2017-12-24 06:18:29",6.62,6.5,9.87,9.87,6.81,6.75,10.63,10.31
"2017-12-24 07:18:32",6.62,6.5,9.87,9.87,6.81,6.75,10.57,10.31
"2017-12-24 08:18:36",6.62,6.5,9.87,9.87,6.75,6.75,10.63,10.31
"2017-12-24 09:18:40",6.62,6.5,9.87,9.87,6.75,6.75,10.63,10.31
"2017-12-24 10:18:43",6.62,6.5,9.87,9.93,6.81,6.75,10.57,10.31
"2017-12-24 11:18:46",6.68,6.5,9.87,9.87,6.81,6.75,10.57,10.31
"2017-12-24 12:18:50",6.62,6.56,9.87,9.93,6.75,6.75,10.57,10.31
"2017-12-24 13:18:53",6.68,6.56,9.87,9.87,6.81,6.75,10.57,10.31
"2017-12-24 14:18:57",6.68,6.5,9.87,9.87,6.75,6.75,10.57,10.31
"2017-12-24 15:19:01",6.62,6.5,9.87,9.87,6.81,6.75,10.57,10.31
"2017-12-24 16:19:04",6.62,6.5,9.87,9.87,6.81,6.81,10.57,10.31
"2017-12-24 17:19:08",6.62,6.5,9.87,9.87,6.81,6.75,10.57,10.31
"2017-12-24 18:19:11",6.62,6.5,9.81,9.87,6.81,6.75,10.57,10.31
"2017-12-24 19:19:14",6.62,6.5,9.87,9.87,6.81,6.75,10.57,10.31
"2017-12-24 20:19:19",6.62,6.56,9.87,9.87,6.75,6.75,10.57,10.31
"2017-12-24 21:19:21",6.62,6.5,9.87,9.87,6.81,6.75,10.57,10.31
"2017-12-24 22:11:07",6.62,6.5,9.87,9.87,6.75,6.75,10.57,10.31
"2017-12-24 23:11:10",6.68,6.5,9.87,9.81,6.81,6.75,10.57,10.31
"2017-12-25 00:11:14",6.62,6.5,9.81,9.87,6.75,6.75,10.57,10.31
"2017-12-25 01:11:17",6.62,6.5,9.87,9.87,6.81,6.75,10.63,10.31
"2017-12-25 02:11:21",6.62,6.5,9.87,9.87,6.75,6.75,10.57,10.31
"2017-12-25 03:11:26",6.62,6.5,9.87,9.81,6.75,6.75,10.57,10.31
"2017-12-25 04:11:28",6.68,6.5,9.87,9.87,6.81,6.75,10.57,10.31
"2017-12-25 05:11:31",6.62,6.5,9.81,9.87,6.81,6.75,10.57,10.31
"2017-12-25 06:11:35",6.62,6.5,9.81,9.87,6.81,6.75,10.57,10.31
"2017-12-25 06:53:57",6.62,6.5,9.81,9.87,6.75,6.75,10.57,10.31
"2017-12-25 07:54:01",6.62,6.5,9.81,9.81,6.75,6.75,10.57,10.31
"2017-12-25 08:54:04",6.62,6.5,9.81,9.87,6.75,6.75,10.57,10.31
"2017-12-25 09:54:07",6.62,6.43,9.81,9.87,6.75,6.75,10.57,10.31
"2017-12-25 10:54:11",6.68,6.5,9.81,9.87,6.75,6.75,10.57,10.31
"2017-12-25 11:54:15",6.62,6.5,9.81,9.81,6.75,6.75,10.57,10.31
"2017-12-25 12:54:18",6.62,6.5,9.81,9.81,6.75,6.75,10.57,10.31
"2017-12-25 13:54:21",6.62,6.5,9.81,9.87,6.81,6.81,10.57,10.31
"2017-12-25 14:54:25",6.62,6.5,9.81,9.81,6.75,6.75,10.57,10.31
"2017-12-25 15:54:29",6.62,6.5,9.81,9.81,6.75,6.75,10.57,10.31
"2017-12-25 16:54:32",6.62,6.56,9.81,9.87,6.75,6.75,10.57,10.31
"2017-12-25 17:54:36",6.62,6.56,9.81,9.81,6.75,6.75,10.57,10.31
"2017-12-25 18:54:40",6.62,6.5,9.81,9.81,6.75,6.75,10.57,10.31
"2017-12-25 19:17:17",6.62,6.5,9.81,9.81,6.81,6.75,10.57,10.31
"2017-12-25 20:17:20",6.62,6.5,9.81,9.81,6.81,6.75,10.57,10.31
"2017-12-25 21:17:24",6.68,6.5,9.81,9.81,6.81,6.75,10.57,10.31
"2017-12-25 22:17:28",6.62,6.5,9.81,9.81,6.75,6.75,10.57,10.31
"2017-12-25 23:17:31",6.62,6.5,9.81,9.81,6.75,6.75,10.57,10.31
"2017-12-26 00:17:34",6.62,6.43,9.81,9.81,6.75,6.75,10.51,10.25
"2017-12-26 01:17:38",6.62,6.5,9.75,9.75,6.75,6.68,10.51,10.25
"2017-12-26 02:17:42",6.62,6.5,9.81,9.81,6.75,6.75,10.57,10.31
"2017-12-26 03:17:45",6.62,6.43,9.81,9.81,6.68,6.75,10.7,10.43
"2017-12-26 04:07:47",6.62,6.5,9.81,9.81,6.81,6.75,10.82,10.5
"2017-12-26 05:07:49",6.62,6.5,9.81,9.81,6.75,6.75,11.01,10.56
"2017-12-26 06:07:53",6.62,6.5,9.81,9.81,6.75,6.75,11.13,10.68
"2017-12-26 07:07:57",6.68,6.5,9.93,9.87,6.75,6.75,11.26,10.75
"2017-12-26 08:08:00",6.68,6.5,9.93,9.93,6.81,6.75,11.38,10.81
"2017-12-26 09:08:04",6.68,6.5,10,9.93,6.81,6.75,11.51,10.93
"2017-12-26 10:08:08",6.62,6.56,10.06,10,6.75,6.75,11.57,11
"2017-12-26 11:08:11",6.62,6.5,10.18,10.12,6.81,6.75,11.7,11.06
"2017-12-26 12:08:14",6.62,6.5,10.18,10.18,6.81,6.75,11.82,11.12
"2017-12-26 13:08:18",6.68,6.5,10.25,10.25,6.81,6.75,11.95,11.25
"2017-12-26 14:08:22",6.68,6.5,10.31,10.25,6.81,6.81,12.01,11.31
"2017-12-26 14:30:04",6.68,6.5,10.31,10.25,6.81,6.75,12.07,11.31
"2017-12-26 15:30:07",6.68,6.5,10.25,10.18,6.81,6.81,12.13,11.37
"2017-12-26 16:30:11",6.68,6.5,10.25,10.25,6.81,6.81,12.2,11.43
"2017-12-26 17:30:14",6.68,6.5,10.18,10.18,6.81,6.75,12.32,11.5
"2017-12-26 18:30:18",6.68,6.56,10.12,10.12,6.75,6.75,12.07,11.37
"2017-12-26 19:30:22",6.68,6.5,10.06,10.06,6.75,6.75,11.7,11.06
"2017-12-26 20:30:26",11.5,6.5,11.81,10,6.81,6.68,11.45,10.81
"2017-12-26 21:30:29",11.12,6.56,11.12,10,6.56,6.75,10.13,10.68
"2017-12-26 22:30:33",10.31,6.56,9.81,9.93,6.5,6.75,11.01,10.75
"2017-12-26 23:30:36",8.62,6.62,9.75,9.93,6.5,6.75,10.51,10.62
"2017-12-27 00:30:39",6.56,6.62,9.75,9.93,6.62,6.81,10.32,10.5
"2017-12-27 01:30:43",6.62,6.56,9.81,9.87,6.68,6.81,10.26,10.43
"2017-12-27 02:30:48",6.62,6.56,9.81,9.87,6.75,6.81,10.26,10.31
"2017-12-27 03:30:50",6.68,6.62,9.81,9.87,6.75,6.81,10.2,10.25
"2017-12-27 04:30:54",6.68,6.56,9.81,9.81,6.81,6.81,10.2,10.18
"2017-12-27 05:30:57",6.75,6.56,9.81,9.81,6.81,6.81,10.2,10.12
"2017-12-27 06:31:01",6.75,6.56,9.81,9.81,6.81,6.87,10.2,10.06
"2017-12-27 07:16:14",6.75,6.56,9.81,9.81,6.81,6.81,10.2,10.06
"2017-12-27 08:16:17",6.75,6.56,9.81,9.81,6.75,6.81,10.2,10.06
"2017-12-27 09:16:21",6.75,6.56,9.81,9.81,6.81,6.81,10.13,10
"2017-12-27 10:16:24",6.68,6.56,9.81,9.81,6.81,6.81,10.13,10
"2017-12-27 11:16:27",6.68,6.56,9.81,9.81,6.81,6.81,10.13,9.93
"2017-12-27 12:16:31",6.75,6.56,9.81,9.81,6.81,6.81,10.13,9.93
"2017-12-27 12:33:53",6.75,6.56,9.81,9.75,6.81,6.81,10.13,9.93
"2017-12-27 13:33:57",6.68,6.5,9.81,9.75,6.81,6.81,10.13,9.93
"2017-12-27 14:34:00",6.75,6.5,9.81,9.75,6.81,6.81,10.13,9.93
"2017-12-27 15:34:04",6.68,6.5,9.81,9.75,6.81,6.81,10.13,9.93
"2017-12-27 16:14:35",6.75,6.5,9.81,9.75,6.81,6.81,10.13,9.93
"2017-12-27 16:15:36",6.75,6.5,9.81,9.81,6.81,6.81,10.07,9.93
"2017-12-27 17:15:39",6.75,6.56,9.81,9.75,6.81,6.81,10.07,9.93
"2017-12-27 18:15:42",6.75,10.75,9.81,10.43,6.81,10.06,10.13,9.68
"2017-12-27 19:15:46",6.75,10.18,9.81,9.62,6.87,9.87,10.13,9.68
"2017-12-27 20:15:49",6.75,9.5,9.81,9.56,6.87,8.81,10.13,9.62
"2017-12-27 21:15:53",6.68,7,9.75,9.56,6.87,6.62,10.07,9.62
"2017-12-27 22:04:15",6.68,6.25,9.75,9.56,6.81,6.5,10.01,9.62
"2017-12-27 23:04:19",6.68,6.25,9.75,9.56,6.81,6.56,10.07,9.68
"2017-12-28 00:04:23",6.68,6.37,9.75,9.62,6.81,6.62,10.07,9.68
"2017-12-28 01:04:27",6.68,6.37,9.75,9.62,6.81,6.68,10.07,9.75
"2017-12-28 02:04:30",6.68,6.37,9.75,9.62,6.81,6.68,10.07,9.75
"2017-12-28 03:04:33",6.68,6.43,9.75,9.68,6.81,6.68,10.07,9.81
"2017-12-28 04:04:37",6.68,6.5,9.75,9.68,6.81,6.75,10.07,9.81
"2017-12-28 05:04:41",6.68,6.5,9.75,9.62,6.75,6.75,10.07,9.81
"2017-12-28 06:04:44",6.68,6.43,9.75,9.68,6.81,6.75,10.07,9.81
"2017-12-28 07:04:48",6.68,6.43,9.75,9.68,6.81,6.75,10.07,9.81
"2017-12-28 07:37:44",6.68,6.5,9.75,9.62,6.75,6.75,10.07,9.87
"2017-12-28 08:37:48",6.68,6.5,9.75,9.68,6.75,6.75,10.07,9.87
"2017-12-28 09:37:52",6.68,6.5,9.75,9.68,6.75,6.75,10.07,9.87
"2017-12-28 10:37:55",6.68,6.5,9.75,9.68,6.75,6.81,10.07,9.87
"2017-12-28 11:37:59",6.68,6.56,9.75,9.68,6.75,6.81,10.07,9.87
"2017-12-28 12:38:03",6.68,6.43,9.75,9.68,6.75,6.81,10.07,9.87
"2017-12-28 13:38:06",6.68,6.5,9.75,9.68,6.75,6.81,10.07,9.87
"2017-12-28 14:38:09",6.68,6.5,9.75,9.68,6.75,6.75,10.01,9.81
"2017-12-28 15:38:13",6.68,6.5,9.81,9.68,6.75,6.75,10.07,9.81
"2017-12-28 16:38:17",6.68,6.5,9.75,9.68,6.68,6.68,10.01,9.81
"2017-12-28 17:38:20",6.68,6.5,9.75,9.68,6.68,6.68,10.01,9.81
"2017-12-28 18:38:24",6.68,6.5,9.75,9.68,6.68,6.68,10.01,9.81
"2017-12-28 19:38:27",6.68,6.56,9.81,9.68,6.68,6.68,10.01,9.75
"2017-12-28 20:38:30",6.75,6.56,9.81,9.68,6.75,6.75,10.07,9.81
"2017-12-28 21:38:35",6.75,6.62,9.81,9.75,6.75,6.75,10.07,9.87
"2017-12-28 22:38:38",6.81,6.62,9.87,9.68,6.81,6.81,10.13,9.87
"2017-12-28 23:38:42",6.81,6.68,9.87,9.75,6.87,6.87,10.2,9.87
"2017-12-29 00:38:45",6.87,6.68,9.87,9.81,6.87,6.93,10.2,9.93
"2017-12-29 01:04:24",6.87,6.68,9.93,9.81,7,6.93,10.2,9.93
"2017-12-29 02:04:28",6.87,6.68,9.93,9.81,6.87,6.93,10.26,9.93
"2017-12-29 03:04:32",6.87,6.68,9.93,9.81,6.93,6.93,10.2,10
"2017-12-29 04:04:35",6.87,6.68,9.93,9.81,7.06,7,10.26,9.93
"2017-12-29 04:13:43",6.87,6.75,9.93,9.81,6.93,7,10.26,10
"2017-12-29 05:13:46",6.87,6.68,9.93,9.81,7,7,10.26,10
"2017-12-29 06:13:50",6.87,6.68,9.93,9.81,6.93,7,10.26,10
"2017-12-29 07:13:53",6.87,6.75,9.93,9.81,7,7,10.2,9.93
"2017-12-29 08:13:57",6.87,6.68,9.93,9.81,7,6.93,10.26,10
"2017-12-29 09:14:01",6.87,6.75,9.87,9.81,7,7,10.26,10
"2017-12-29 10:14:04",6.81,6.68,9.87,9.75,6.93,6.93,10.26,10
"2017-12-29 10:26:13",6.87,6.68,9.93,9.81,7,7,10.26,10
"2017-12-29 11:26:17",6.87,6.68,9.87,9.81,6.87,7,10.26,9.93
"2017-12-29 12:26:19",6.87,6.68,9.93,9.81,6.93,7,10.2,10
"2017-12-29 13:26:23",6.81,6.68,9.93,9.81,7,7,10.2,9.93
"2017-12-29 14:26:27",6.87,6.68,9.87,9.75,6.93,7,10.26,9.93
"2017-12-29 15:26:31",6.81,6.68,9.87,9.75,6.93,6.93,10.2,9.93
"2017-12-29 16:26:34",6.81,6.62,9.87,9.75,6.87,6.87,10.2,9.93
"2017-12-29 17:26:38",6.87,6.62,9.93,9.75,6.87,6.87,10.13,9.87
"2017-12-29 18:26:41",6.81,6.62,9.87,9.75,6.81,6.87,10.13,9.87
"2017-12-29 19:26:45",6.81,6.68,9.87,9.75,6.81,6.81,10.13,9.87
"2017-12-29 20:26:49",6.87,6.68,9.87,9.75,6.81,6.81,10.13,9.87
"2017-12-29 21:26:51",6.87,6.68,9.87,9.75,6.81,6.81,10.13,9.87
"2017-12-29 22:26:56",6.93,6.75,9.93,9.81,6.75,6.81,10.2,9.87
"2017-12-29 23:26:59",6.93,6.75,10,9.81,6.87,6.87,10.2,9.93
"2017-12-30 00:27:02",7,6.81,10,9.87,6.81,6.93,10.26,10
"2017-12-30 00:33:04",7,6.81,10,9.81,6.93,6.93,10.26,10
"2017-12-30 00:34:05",7,6.81,10,9.81,6.93,6.93,10.26,9.93
"2017-12-30 01:34:08",7,6.87,10.06,9.87,7,7,10.32,10
"2017-12-30 02:34:12",7.06,6.87,10.06,9.87,7,7.06,10.32,10
"2017-12-30 03:34:15",7,6.87,10.06,9.87,7,7.06,10.32,10.06
"2017-12-30 04:34:19",7,6.81,10,9.87,7,7.06,10.32,10.06
"2017-12-30 05:34:23",7,6.81,10,9.87,7.06,7.06,10.32,10.06
"2017-12-30 06:34:27",7,6.81,10,9.81,7,7.06,10.32,10
"2017-12-30 06:49:16",7,6.81,10,9.81,7.06,7.06,10.26,10
"2017-12-30 07:49:19",7,6.75,9.93,9.81,7,7,10.26,10
"2017-12-30 08:49:23",6.93,6.75,9.93,9.81,7,7,10.26,10
"2017-12-30 09:49:26",6.93,6.75,9.93,9.81,7,7,10.2,10
"2017-12-30 10:49:31",6.87,6.68,9.87,9.75,6.93,7,10.26,10
"2017-12-30 11:49:33",6.87,6.68,9.87,9.75,6.87,6.93,10.2,9.93
"2017-12-30 12:49:37",6.81,6.62,9.87,9.75,6.93,6.93,10.2,9.93
"2017-12-30 12:50:37",6.87,6.62,9.87,9.75,6.93,6.93,10.2,9.93
"2017-12-30 13:50:41",6.87,6.68,9.87,9.75,6.93,6.93,10.2,9.93
"2017-12-30 14:50:44",6.81,6.68,9.87,9.75,6.87,6.93,10.2,9.93
"2017-12-30 15:50:47",6.81,6.62,9.87,9.75,6.93,6.87,10.2,9.93
"2017-12-30 16:50:51",6.81,6.62,9.87,9.75,6.93,6.87,10.2,9.93
"2017-12-30 17:50:55",6.75,6.56,9.81,9.75,6.93,6.87,10.2,9.93
"2017-12-30 18:50:58",6.81,6.62,9.81,9.68,6.87,6.87,10.2,9.93
"2017-12-30 19:51:02",6.75,6.62,9.81,9.68,6.87,6.87,10.13,9.93
"2017-12-30 20:51:07",6.75,6.62,9.81,9.68,6.87,6.87,10.2,9.87
"2017-12-30 21:24:14",6.75,6.56,9.81,9.68,6.87,6.87,10.13,9.87
"2017-12-30 22:24:18",6.75,6.56,9.81,9.68,6.87,6.87,10.2,9.87
"2017-12-30 23:24:22",6.75,6.62,9.81,9.68,6.81,6.87,10.13,9.87
"2017-12-31 00:24:25",6.75,6.56,9.81,9.68,6.75,6.87,10.13,9.87
"2017-12-31 01:24:29",6.68,6.56,9.81,9.68,6.87,6.87,10.13,9.93
"2017-12-31 01:44:31",6.75,6.56,9.81,9.68,6.75,6.87,10.13,9.93
"2017-12-31 02:44:33",6.75,6.56,9.81,9.68,6.87,6.87,10.13,9.93
"2017-12-31 03:44:37",6.75,6.56,9.81,9.68,6.81,6.87,10.13,9.93
"2017-12-31 04:27:52",6.75,6.56,9.81,9.68,6.87,6.81,10.2,9.93
"2017-12-31 05:27:57",6.75,6.56,9.81,9.68,6.81,6.87,10.13,9.93
"2017-12-31 06:28:00",6.75,6.56,9.81,9.68,6.81,6.87,10.13,9.93
"2017-12-31 07:28:04",6.75,6.5,9.81,9.68,6.87,6.81,10.13,9.93
"2017-12-31 08:28:08",6.75,6.5,9.81,9.68,6.75,6.87,10.13,9.93
"2017-12-31 09:28:12",6.75,6.56,9.81,9.68,6.81,6.81,10.13,9.93
"2017-12-31 10:28:15",6.68,6.5,9.81,9.68,6.87,6.81,10.13,9.93
"2017-12-31 11:28:18",6.68,6.56,9.81,9.68,6.87,6.81,10.13,9.87
"2017-12-31 12:28:23",6.75,6.56,9.81,9.68,6.81,6.81,10.13,9.93
"2017-12-31 13:28:25",6.75,6.56,9.75,9.68,6.87,6.81,10.13,9.87
"2017-12-31 14:28:29",6.75,6.5,9.81,9.68,6.87,6.81,10.13,9.87
"2017-12-31 14:32:40",6.68,6.5,9.75,9.68,6.87,6.81,10.13,9.93
"2017-12-31 15:32:43",6.75,6.5,9.81,9.62,6.81,6.81,10.13,9.87
"2017-12-31 16:32:47",6.68,6.5,9.75,9.62,6.75,6.81,10.13,9.87
"2017-12-31 17:32:50",6.68,6.56,9.81,9.68,6.87,6.81,10.13,9.93
"2017-12-31 18:32:53",6.68,6.5,9.75,9.62,6.81,6.81,10.07,9.87
"2017-12-31 19:32:58",6.68,6.5,9.75,9.62,6.81,6.81,10.13,9.87
"2017-12-31 20:33:00",6.68,6.5,9.75,9.62,6.75,6.81,10.13,9.87
"2017-12-31 21:33:05",6.68,6.56,9.75,9.56,6.75,6.81,10.13,9.87
"2017-12-31 22:33:08",6.68,6.5,9.75,9.62,6.81,6.81,10.13,9.87
"2017-12-31 23:33:11",6.68,6.5,9.75,9.56,6.81,6.81,10.13,9.87
"2018-01-01 00:33:15",6.68,6.5,9.75,9.62,6.75,6.81,10.07,9.87
"2018-01-01 01:33:19",6.68,6.5,9.75,9.62,6.81,6.75,10.07,9.87
"2018-01-01 02:33:22",6.68,6.43,9.75,9.62,6.68,6.75,10.01,9.81
"2018-01-01 03:33:25",6.68,6.5,9.75,9.62,6.68,6.68,10.01,9.81
"2018-01-01 04:33:30",6.68,6.43,9.68,9.56,6.68,6.68,10.01,9.81
"2018-01-01 05:33:33",6.62,6.43,9.68,9.56,6.68,6.62,10.01,9.81
"2018-01-01 06:33:36",6.68,6.43,9.68,9.56,6.68,6.62,10.01,9.81
"2018-01-01 07:33:40",6.68,6.43,9.68,9.56,6.62,6.62,10.01,9.81
